2026-05-28 15:47:39 [INFO] Target URL: https://property.jll.co.in/search?tenureTypes=rent&propertyTypes=office&cities=Hyderabad&regions=Telangana&sortBy=dateModified
2026-05-28 15:47:43 [INFO] Loading URL (attempt 1): https://property.jll.co.in/search?tenureTypes=rent&propertyTypes=office&cities=Hyderabad&regions=Telangana&sortBy=dateModified
2026-05-28 15:48:05 [WARNING] Attempt 1 failed: Message: 
Stacktrace:
	chromedriver!GetHandleVerifier [0x7ff723347de5+14895]
	chromedriver!GetHandleVerifier [0x7ff723347e50+14900]
	chromedriver!(No symbol) [0x7ff7230ad5ad]
	chromedriver!(No symbol) [0x7ff723107822]
	chromedriver!(No symbol) [0x7ff723107b2c]
	chromedriver!(No symbol) [0x7ff723157d17]
	chromedriver!(No symbol) [0x7ff72315486f]
	chromedriver!(No symbol) [0x7ff7230f9df8]
	chromedriver!(No symbol) [0x7ff7230face3]
	chromedriver!GetHandleVerifier [0x7ff72365cc49+3296f9]
	chromedriver!GetHandleVerifier [0x7ff723657375+323e25]
	chromedriver!GetHandleVerifier [0x7ff72367bc82+348732]
	chromedriver!GetHandleVerifier [0x7ff723366045+32af5]
	chromedriver!GetHandleVerifier [0x7ff72336ecec+3b79c]
	chromedriver!GetHandleVerifier [0x7ff723351bc4+1e674]
	chromedriver!GetHandleVerifier [0x7ff723351d54+1e804]
	chromedriver!GetHandleVerifier [0x7ff7233360e7+2b97]
	KERNEL32!BaseThreadInitThunk [0x7ffc48d5e957+17]
	ntdll!RtlUserThreadStart [0x7ffc4990427c+2c]

2026-05-28 15:48:08 [INFO] Loading URL (attempt 2): https://property.jll.co.in/search?tenureTypes=rent&propertyTypes=office&cities=Hyderabad&regions=Telangana&sortBy=dateModified
2026-05-28 15:48:28 [WARNING] Attempt 2 failed: Message: 
Stacktrace:
	chromedriver!GetHandleVerifier [0x7ff723347de5+14895]
	chromedriver!GetHandleVerifier [0x7ff723347e50+14900]
	chromedriver!(No symbol) [0x7ff7230ad5ad]
	chromedriver!(No symbol) [0x7ff723107822]
	chromedriver!(No symbol) [0x7ff723107b2c]
	chromedriver!(No symbol) [0x7ff723157d17]
	chromedriver!(No symbol) [0x7ff72315486f]
	chromedriver!(No symbol) [0x7ff7230f9df8]
	chromedriver!(No symbol) [0x7ff7230face3]
	chromedriver!GetHandleVerifier [0x7ff72365cc49+3296f9]
	chromedriver!GetHandleVerifier [0x7ff723657375+323e25]
	chromedriver!GetHandleVerifier [0x7ff72367bc82+348732]
	chromedriver!GetHandleVerifier [0x7ff723366045+32af5]
	chromedriver!GetHandleVerifier [0x7ff72336ecec+3b79c]
	chromedriver!GetHandleVerifier [0x7ff723351bc4+1e674]
	chromedriver!GetHandleVerifier [0x7ff723351d54+1e804]
	chromedriver!GetHandleVerifier [0x7ff7233360e7+2b97]
	KERNEL32!BaseThreadInitThunk [0x7ffc48d5e957+17]
	ntdll!RtlUserThreadStart [0x7ffc4990427c+2c]

2026-05-28 15:48:31 [INFO] Loading URL (attempt 3): https://property.jll.co.in/search?tenureTypes=rent&propertyTypes=office&cities=Hyderabad&regions=Telangana&sortBy=dateModified
2026-05-28 15:48:52 [WARNING] Attempt 3 failed: Message: 
Stacktrace:
	chromedriver!GetHandleVerifier [0x7ff723347de5+14895]
	chromedriver!GetHandleVerifier [0x7ff723347e50+14900]
	chromedriver!(No symbol) [0x7ff7230ad5ad]
	chromedriver!(No symbol) [0x7ff723107822]
	chromedriver!(No symbol) [0x7ff723107b2c]
	chromedriver!(No symbol) [0x7ff723157d17]
	chromedriver!(No symbol) [0x7ff72315486f]
	chromedriver!(No symbol) [0x7ff7230f9df8]
	chromedriver!(No symbol) [0x7ff7230face3]
	chromedriver!GetHandleVerifier [0x7ff72365cc49+3296f9]
	chromedriver!GetHandleVerifier [0x7ff723657375+323e25]
	chromedriver!GetHandleVerifier [0x7ff72367bc82+348732]
	chromedriver!GetHandleVerifier [0x7ff723366045+32af5]
	chromedriver!GetHandleVerifier [0x7ff72336ecec+3b79c]
	chromedriver!GetHandleVerifier [0x7ff723351bc4+1e674]
	chromedriver!GetHandleVerifier [0x7ff723351d54+1e804]
	chromedriver!GetHandleVerifier [0x7ff7233360e7+2b97]
	KERNEL32!BaseThreadInitThunk [0x7ffc48d5e957+17]
	ntdll!RtlUserThreadStart [0x7ffc4990427c+2c]

2026-05-28 15:48:55 [ERROR] Failed to load page after retries. Exiting.
2026-05-28 15:48:57 [INFO] Browser closed.
2026-05-28 15:52:29 [INFO] Target URL: https://property.jll.co.in/search?tenureTypes=rent&propertyTypes=office&cities=Hyderabad&regions=Telangana&sortBy=dateModified
2026-05-28 15:52:32 [INFO] Loading URL (attempt 1): https://property.jll.co.in/search?tenureTypes=rent&propertyTypes=office&cities=Hyderabad&regions=Telangana&sortBy=dateModified
2026-05-28 15:52:41 [INFO] Page loaded. Starting scroll...
2026-05-28 15:52:43 [INFO] Reached end of page after 1 scrolls.
2026-05-28 15:52:43 [INFO] Parsing HTML...
2026-05-28 15:52:44 [INFO] Extracted 3 raw listings.
2026-05-28 15:52:46 [INFO] Browser closed.
2026-05-28 15:52:46 [INFO] Clean listings after dedup: 3
2026-05-28 15:52:46 [INFO] CSV   saved → output\JLL_Hyderabad_offices_20260528_155246.csv
2026-05-28 15:52:46 [INFO] Excel saved → output\JLL_Hyderabad_offices_20260528_155246.xlsx
2026-05-28 15:58:11 [INFO] Target URL: https://property.jll.co.in/search?tenureTypes=rent&propertyTypes=office&cities=Hyderabad&regions=Telangana&sortBy=dateModified
2026-05-28 15:58:13 [INFO] Loading URL (attempt 1): https://property.jll.co.in/search?tenureTypes=rent&propertyTypes=office&cities=Hyderabad&regions=Telangana&sortBy=dateModified
2026-05-28 15:58:18 [INFO] Page loaded. Starting scroll...
2026-05-28 15:58:21 [INFO] Reached end of page after 1 scrolls.
2026-05-28 15:58:21 [INFO] Parsing HTML...
2026-05-28 15:58:21 [INFO] Extracted 50 raw listings.
2026-05-28 15:58:23 [INFO] Browser closed.
2026-05-28 15:58:23 [INFO] Clean listings after dedup: 50
2026-05-28 15:58:23 [INFO] CSV   saved → output\JLL_Hyderabad_offices_20260528_155823.csv
2026-05-28 15:58:23 [INFO] Excel saved → output\JLL_Hyderabad_offices_20260528_155823.xlsx
2026-05-28 16:12:17 [INFO] [JLL] Target URL: https://property.jll.co.in/search?tenureTypes=rent&propertyTypes=office&cities=Hyderabad&regions=Telangana&sortBy=dateModified
2026-05-28 16:12:19 [INFO] Loading URL (attempt 1): https://property.jll.co.in/search?tenureTypes=rent&propertyTypes=office&cities=Hyderabad&regions=Telangana&sortBy=dateModified
2026-05-28 16:12:25 [INFO] [JLL] Page loaded. Starting scroll...
2026-05-28 16:12:28 [INFO] Reached end of page after 1 scrolls.
2026-05-28 16:12:28 [INFO] [JLL] Parsing HTML...
2026-05-28 16:12:28 [INFO] [JLL] Extracted 50 raw listings.
2026-05-28 16:12:30 [INFO] [JLL] Clean listings: 50
2026-05-28 16:12:32 [INFO] [C&W] Scraping 1 Cushman & Wakefield listings...
2026-05-28 16:12:33 [INFO] [C&W] Loading: https://www.cushmanwakefield.com/en/india/properties/for-lease/commercial/telangana/hyderabad/financial-district/eon-hyderabad-l
2026-05-28 16:12:50 [INFO] [C&W] Scraped 1 listings.
2026-05-28 16:12:51 [INFO] [JLL] Target URL: https://property.jll.co.in/search?tenureTypes=rent&propertyTypes=office&cities=Hyderabad&regions=Telangana&sortBy=dateModified
2026-05-28 16:12:53 [INFO] Loading URL (attempt 1): https://property.jll.co.in/search?tenureTypes=rent&propertyTypes=office&cities=Hyderabad&regions=Telangana&sortBy=dateModified
2026-05-28 16:12:59 [INFO] [JLL] Page loaded. Starting scroll...
2026-05-28 16:13:01 [INFO] Reached end of page after 1 scrolls.
2026-05-28 16:13:01 [INFO] [JLL] Parsing HTML...
2026-05-28 16:13:02 [INFO] [JLL] Extracted 50 raw listings.
2026-05-28 16:13:04 [INFO] [JLL] Clean listings: 50
2026-05-28 16:13:04 [INFO] [C&W] Scraping 1 Cushman & Wakefield listings...
2026-05-28 16:13:06 [INFO] [C&W] Loading: https://www.cushmanwakefield.com/en/india/properties/for-lease/commercial/telangana/hyderabad/financial-district/eon-hyderabad-l
2026-05-28 16:13:26 [INFO] [C&W] Scraped 1 listings.
2026-05-28 16:13:26 [INFO] Combined: JLL=50, C&W=1, Total=51
2026-05-28 16:13:27 [INFO] Excel saved → output\Combined_Hyderabad_offices_20260528_161326.xlsx
2026-05-28 16:13:27 [INFO] CSV   saved → output\Combined_Hyderabad_offices_20260528_161327.csv
2026-05-28 16:16:32 [INFO] [JLL] Target URL: https://property.jll.co.in/search?tenureTypes=rent&propertyTypes=office&cities=Hyderabad&regions=Telangana&sortBy=dateModified
2026-05-28 16:16:34 [INFO] Loading URL (attempt 1): https://property.jll.co.in/search?tenureTypes=rent&propertyTypes=office&cities=Hyderabad&regions=Telangana&sortBy=dateModified
2026-05-28 16:17:04 [INFO] [JLL] Page loaded. Starting scroll...
2026-05-28 16:17:07 [INFO] Reached end of page after 1 scrolls.
2026-05-28 16:17:07 [INFO] [JLL] Parsing HTML...
2026-05-28 16:17:07 [INFO] [JLL] Extracted 50 raw listings.
2026-05-28 16:17:10 [INFO] [JLL] Clean listings: 50
2026-05-28 16:17:10 [INFO] [C&W] Scraping 1 Cushman & Wakefield listings...
2026-05-28 16:17:11 [INFO] [C&W] Loading: https://www.cushmanwakefield.com/en/india/properties/for-lease/commercial/telangana/hyderabad/financial-district/eon-hyderabad-l
2026-05-28 16:17:33 [INFO] [C&W] 1 listings ready.
2026-05-28 16:17:33 [INFO] Combined: JLL=50, C&W=1, Total=51
2026-05-28 16:17:34 [INFO] Excel saved → output\Combined_Hyderabad_offices_20260528_161733.xlsx
2026-05-28 16:17:34 [INFO] CSV   saved → output\Combined_Hyderabad_offices_20260528_161734.csv
2026-05-28 16:18:19 [INFO] [JLL] Target URL: https://property.jll.co.in/search?tenureTypes=rent&propertyTypes=office&cities=Hyderabad&regions=Telangana&sortBy=dateModified
2026-05-28 16:18:21 [INFO] Loading URL (attempt 1): https://property.jll.co.in/search?tenureTypes=rent&propertyTypes=office&cities=Hyderabad&regions=Telangana&sortBy=dateModified
2026-05-28 16:18:27 [INFO] [JLL] Page loaded. Starting scroll...
2026-05-28 16:18:30 [INFO] Reached end of page after 1 scrolls.
2026-05-28 16:18:30 [INFO] [JLL] Parsing HTML...
2026-05-28 16:18:30 [INFO] [JLL] Extracted 50 raw listings.
2026-05-28 16:18:32 [INFO] [JLL] Clean listings: 50
2026-05-28 16:18:32 [INFO] [C&W] Scraping 1 Cushman & Wakefield listings...
2026-05-28 16:18:34 [INFO] [C&W] Loading: https://www.cushmanwakefield.com/en/india/properties/for-lease/commercial/telangana/hyderabad/financial-district/eon-hyderabad-l
2026-05-28 16:18:53 [INFO] [C&W] 1 listings ready.
2026-05-28 16:18:54 [INFO] Combined: JLL=50, C&W=1, Total=51
2026-05-28 16:18:54 [INFO] Excel saved → output\Combined_Hyderabad_offices_20260528_161854.xlsx
2026-05-28 16:18:54 [INFO] CSV   saved → output\Combined_Hyderabad_offices_20260528_161854.csv
2026-05-28 16:23:06 [INFO] [JLL] Target URL: https://property.jll.co.in/search?tenureTypes=rent&propertyTypes=office&cities=Hyderabad&regions=Telangana&sortBy=dateModified
2026-05-28 16:23:08 [INFO] Loading URL (attempt 1): https://property.jll.co.in/search?tenureTypes=rent&propertyTypes=office&cities=Hyderabad&regions=Telangana&sortBy=dateModified
2026-05-28 16:23:14 [INFO] [JLL] Page loaded. Starting scroll...
2026-05-28 16:23:17 [INFO] Reached end of page after 1 scrolls.
2026-05-28 16:23:17 [INFO] [JLL] Parsing HTML...
2026-05-28 16:23:17 [INFO] [JLL] Extracted 50 raw listings.
2026-05-28 16:23:19 [INFO] [JLL] Clean listings: 50
2026-05-28 16:23:19 [INFO] [C&W] Loading static Cushman & Wakefield listings...
2026-05-28 16:23:19 [INFO] [C&W] 1 listings ready.
2026-05-28 16:23:19 [INFO] Combined: JLL=50, C&W=1, Total=51
2026-05-28 16:23:20 [INFO] Excel saved → output\Combined_Hyderabad_offices_20260528_162319.xlsx
2026-05-28 16:23:20 [INFO] CSV   saved → output\Combined_Hyderabad_offices_20260528_162320.csv
2026-05-28 16:28:51 [INFO] [JLL] Target URL: https://property.jll.co.in/search?tenureTypes=rent&propertyTypes=office&cities=Hyderabad&regions=Telangana&sortBy=dateModified
2026-05-28 16:28:53 [INFO] Loading URL (attempt 1): https://property.jll.co.in/search?tenureTypes=rent&propertyTypes=office&cities=Hyderabad&regions=Telangana&sortBy=dateModified
2026-05-28 16:28:59 [INFO] [JLL] Page loaded. Starting scroll...
2026-05-28 16:29:02 [INFO] Reached end of page after 1 scrolls.
2026-05-28 16:29:02 [INFO] [JLL] Parsing HTML...
2026-05-28 16:29:02 [INFO] [JLL] Extracted 50 raw listings.
2026-05-28 16:29:04 [INFO] [JLL] Clean listings: 50
2026-05-28 16:29:04 [INFO] [C&W] Loading static Cushman & Wakefield listings...
2026-05-28 16:29:04 [INFO] [C&W] 1 listings ready.
2026-05-28 16:29:56 [INFO] [JLL] Target URL: https://property.jll.co.in/search?tenureTypes=rent&propertyTypes=office&cities=Hyderabad&regions=Telangana&sortBy=dateModified
2026-05-28 16:29:57 [INFO] Loading URL (attempt 1): https://property.jll.co.in/search?tenureTypes=rent&propertyTypes=office&cities=Hyderabad&regions=Telangana&sortBy=dateModified
2026-05-28 16:30:03 [INFO] [JLL] Page loaded. Starting scroll...
2026-05-28 16:30:05 [INFO] Reached end of page after 1 scrolls.
2026-05-28 16:30:05 [INFO] [JLL] Parsing HTML...
2026-05-28 16:30:06 [INFO] [JLL] Extracted 50 raw listings.
2026-05-28 16:30:08 [INFO] [JLL] Clean listings: 50
2026-05-28 16:30:08 [INFO] [C&W] Loading static Cushman & Wakefield listings...
2026-05-28 16:30:08 [INFO] [C&W] 1 listings ready.
2026-05-28 16:30:08 [INFO] Combined: JLL=50, C&W=1, Total=48
2026-05-28 16:30:09 [INFO] Excel saved → output\Combined_Hyderabad_offices_20260528_163008.xlsx
2026-05-28 16:30:09 [INFO] CSV   saved → output\Combined_Hyderabad_offices_20260528_163009.csv
2026-05-28 16:38:16 [INFO] [JLL] Target URL: https://property.jll.co.in/search?tenureTypes=rent&propertyTypes=office&cities=Hyderabad&regions=Telangana&sortBy=dateModified
2026-05-28 16:38:18 [INFO] Loading URL (attempt 1): https://property.jll.co.in/search?tenureTypes=rent&propertyTypes=office&cities=Hyderabad&regions=Telangana&sortBy=dateModified
2026-05-28 16:38:23 [INFO] [JLL] Page loaded. Starting scroll...
2026-05-28 16:38:26 [INFO] Reached end of page after 1 scrolls.
2026-05-28 16:38:26 [INFO] [JLL] Parsing HTML...
2026-05-28 16:38:26 [INFO] [JLL] Extracted 50 raw listings.
2026-05-28 16:38:29 [INFO] [JLL] Clean listings: 50
2026-05-28 16:38:29 [INFO] [C&W] Loading static Cushman & Wakefield listings...
2026-05-28 16:38:29 [INFO] [C&W] 1 listings ready.
2026-05-28 16:38:29 [INFO] Combined: JLL=50, C&W=1, Total=48
2026-05-28 16:38:29 [INFO] Excel saved → output\Combined_Hyderabad_offices_20260528_163829.xlsx
2026-05-28 16:38:29 [INFO] CSV   saved → output\Combined_Hyderabad_offices_20260528_163829.csv
2026-05-28 16:43:43 [INFO] [JLL] Target URL: https://property.jll.co.in/search?tenureTypes=rent&propertyTypes=office&cities=Hyderabad&regions=Telangana&sortBy=dateModified
2026-05-28 16:43:45 [INFO] Loading URL (attempt 1): https://property.jll.co.in/search?tenureTypes=rent&propertyTypes=office&cities=Hyderabad&regions=Telangana&sortBy=dateModified
2026-05-28 16:43:51 [INFO] [JLL] Page loaded. Starting scroll...
2026-05-28 16:43:53 [INFO] Reached end of page after 1 scrolls.
2026-05-28 16:43:53 [INFO] [JLL] Parsing HTML...
2026-05-28 16:43:53 [INFO] [JLL] Extracted 50 raw listings.
2026-05-28 16:43:56 [INFO] [JLL] Clean listings: 50
2026-05-28 16:43:56 [INFO] [C&W] Loading static Cushman & Wakefield listings...
2026-05-28 16:43:56 [INFO] [C&W] 1 listings ready.
2026-05-28 16:43:56 [INFO] Combined: JLL=50, C&W=1, Total=48
2026-05-28 16:43:56 [INFO] Excel saved → output\Combined_Hyderabad_offices_20260528_164356.xlsx
2026-05-28 16:43:56 [INFO] CSV   saved → output\Combined_Hyderabad_offices_20260528_164356.csv
2026-05-28 16:46:52 [INFO] [JLL] Target URL: https://property.jll.co.in/search?tenureTypes=rent&propertyTypes=office&cities=Hyderabad&regions=Telangana&sortBy=dateModified
2026-05-28 16:46:54 [INFO] Loading URL (attempt 1): https://property.jll.co.in/search?tenureTypes=rent&propertyTypes=office&cities=Hyderabad&regions=Telangana&sortBy=dateModified
2026-05-28 16:46:59 [INFO] [JLL] Page loaded. Starting scroll...
2026-05-28 16:47:02 [INFO] Reached end of page after 1 scrolls.
2026-05-28 16:47:02 [INFO] [JLL] Parsing HTML...
2026-05-28 16:47:02 [INFO] [JLL] Extracted 50 raw listings.
2026-05-28 16:47:04 [INFO] [JLL] Clean listings: 50
2026-05-28 16:47:04 [INFO] [C&W] Loading static Cushman & Wakefield listings...
2026-05-28 16:47:04 [INFO] [C&W] 1 listings ready.
2026-05-28 16:47:04 [INFO] Combined: JLL=50, C&W=1, Total=48
2026-05-28 16:47:05 [INFO] Excel saved → output\Combined_Hyderabad_offices_20260528_164704.xlsx
2026-05-28 16:47:05 [INFO] CSV   saved → output\Combined_Hyderabad_offices_20260528_164705.csv
2026-05-28 16:49:30 [INFO] [JLL] Target URL: https://property.jll.co.in/search?tenureTypes=rent&propertyTypes=office&cities=Hyderabad&regions=Telangana&sortBy=dateModified
2026-05-28 16:49:32 [INFO] Loading URL (attempt 1): https://property.jll.co.in/search?tenureTypes=rent&propertyTypes=office&cities=Hyderabad&regions=Telangana&sortBy=dateModified
2026-05-28 16:49:37 [INFO] [JLL] Page loaded. Starting scroll...
2026-05-28 16:49:40 [INFO] Reached end of page after 1 scrolls.
2026-05-28 16:49:40 [INFO] [JLL] Parsing HTML...
2026-05-28 16:49:40 [INFO] [JLL] Extracted 50 raw listings.
2026-05-28 16:49:42 [INFO] [JLL] Clean listings: 50
2026-05-28 16:49:42 [INFO] [C&W] Loading static Cushman & Wakefield listings...
2026-05-28 16:49:42 [INFO] [C&W] 1 listings ready.
2026-05-28 16:49:42 [INFO] Combined: JLL=50, C&W=1, Total=47
2026-05-28 16:49:43 [INFO] Excel saved → output\Combined_Hyderabad_offices_20260528_164942.xlsx
2026-05-28 16:49:43 [INFO] CSV   saved → output\Combined_Hyderabad_offices_20260528_164943.csv
2026-05-28 16:53:53 [INFO] [JLL] Target URL: https://property.jll.co.in/search?tenureTypes=rent&propertyTypes=office&cities=Hyderabad&regions=Telangana&sortBy=dateModified
2026-05-28 16:53:55 [INFO] Loading URL (attempt 1): https://property.jll.co.in/search?tenureTypes=rent&propertyTypes=office&cities=Hyderabad&regions=Telangana&sortBy=dateModified
2026-05-28 16:54:00 [INFO] [JLL] Page loaded. Starting scroll...
2026-05-28 16:54:03 [INFO] Reached end of page after 1 scrolls.
2026-05-28 16:54:03 [INFO] [JLL] Parsing HTML...
2026-05-28 16:54:03 [INFO] [JLL] Extracted 50 raw listings.
2026-05-28 16:54:05 [INFO] [JLL] Clean listings: 50
2026-05-28 16:54:05 [INFO] [C&W] Loading static Cushman & Wakefield listings...
2026-05-28 16:54:05 [INFO] [C&W] 1 listings ready.
2026-05-28 16:54:05 [INFO] Combined: JLL=50, C&W=1, Total=47
2026-05-28 16:54:06 [INFO] Excel saved → output\Combined_Hyderabad_offices_20260528_165405.xlsx
2026-05-28 16:54:06 [INFO] CSV   saved → output\Combined_Hyderabad_offices_20260528_165406.csv
2026-05-28 17:44:46 [INFO] [JLL] Target URL: https://property.jll.co.in/search?tenureTypes=rent&propertyTypes=office&cities=Hyderabad&regions=Telangana&sortBy=dateModified
2026-05-28 17:44:48 [INFO] Loading URL (attempt 1): https://property.jll.co.in/search?tenureTypes=rent&propertyTypes=office&cities=Hyderabad&regions=Telangana&sortBy=dateModified
2026-05-28 17:44:53 [INFO] [JLL] Page loaded. Starting scroll...
2026-05-28 17:44:56 [INFO] Reached end of page after 1 scrolls.
2026-05-28 17:44:56 [INFO] [JLL] Parsing HTML...
2026-05-28 17:44:56 [INFO] [JLL] Extracted 50 raw listings.
2026-05-28 17:44:58 [INFO] [JLL] Clean listings: 50
2026-05-28 17:44:58 [INFO] [SY] Starting Square Yards Hyderabad scrape...
2026-05-28 17:44:59 [INFO] [SY] Loading: https://www.squareyards.com/hyderabad-real-estate
2026-05-28 17:45:09 [INFO] [SY] Scroll done after 2 scrolls.
2026-05-28 17:45:09 [INFO] [SY] Extracted 11 raw listings.
2026-05-28 17:45:11 [INFO] [SY] 11 listings ready.
2026-05-28 17:45:11 [INFO] [C&W] Loading static Cushman & Wakefield listings...
2026-05-28 17:45:11 [INFO] [C&W] 1 listings ready.
2026-05-28 17:45:11 [INFO] Combined: JLL=50, C&W=1, SY=11, Total=58
2026-05-28 17:45:12 [INFO] Excel saved → output\Combined_Hyderabad_offices_20260528_174511.xlsx
2026-05-28 17:45:12 [INFO] CSV   saved → output\Combined_Hyderabad_offices_20260528_174512.csv
2026-05-28 17:48:18 [INFO] [JLL] Target URL: https://property.jll.co.in/search?tenureTypes=rent&propertyTypes=office&cities=Hyderabad&regions=Telangana&sortBy=dateModified
2026-05-28 17:48:19 [INFO] Loading URL (attempt 1): https://property.jll.co.in/search?tenureTypes=rent&propertyTypes=office&cities=Hyderabad&regions=Telangana&sortBy=dateModified
2026-05-28 17:48:25 [INFO] [JLL] Page loaded. Starting scroll...
2026-05-28 17:48:27 [INFO] Reached end of page after 1 scrolls.
2026-05-28 17:48:27 [INFO] [JLL] Parsing HTML...
2026-05-28 17:48:27 [INFO] [JLL] Extracted 50 raw listings.
2026-05-28 17:48:30 [INFO] [JLL] Clean listings: 50
2026-05-28 17:48:30 [INFO] [SY] Starting Square Yards Hyderabad scrape...
2026-05-28 17:48:31 [INFO] [SY] Loading: https://www.squareyards.com/hyderabad-real-estate
2026-05-28 17:48:46 [INFO] [SY] Scroll done after 2 scrolls.
2026-05-28 17:48:46 [INFO] [SY] Extracted 11 raw listings.
2026-05-28 17:48:48 [INFO] [SY] 11 listings ready.
2026-05-28 17:48:48 [INFO] [C&W] Loading static Cushman & Wakefield listings...
2026-05-28 17:48:48 [INFO] [C&W] 1 listings ready.
2026-05-28 17:48:48 [INFO] Combined: JLL=50, C&W=1, SY=11, Total=57
2026-05-28 17:48:49 [INFO] Excel saved → output\Combined_Hyderabad_offices_20260528_174848.xlsx
2026-05-28 17:48:49 [INFO] CSV   saved → output\Combined_Hyderabad_offices_20260528_174849.csv
2026-05-28 17:57:29 [INFO] [JLL] Target URL: https://property.jll.co.in/search?tenureTypes=rent&propertyTypes=office&cities=Hyderabad&regions=Telangana&sortBy=dateModified
2026-05-28 17:57:30 [INFO] Loading URL (attempt 1): https://property.jll.co.in/search?tenureTypes=rent&propertyTypes=office&cities=Hyderabad&regions=Telangana&sortBy=dateModified
2026-05-28 17:57:36 [INFO] [JLL] Page loaded. Starting scroll...
2026-05-28 17:57:38 [INFO] Reached end of page after 1 scrolls.
2026-05-28 17:57:38 [INFO] [JLL] Parsing HTML...
2026-05-28 17:57:38 [INFO] [JLL] Extracted 50 raw listings.
2026-05-28 17:57:40 [INFO] [JLL] Clean listings: 50
2026-05-28 17:57:40 [INFO] [SY] Starting Square Yards Hyderabad scrape...
2026-05-28 17:57:42 [INFO] [SY] Loading: https://www.squareyards.com/hyderabad-real-estate
2026-05-28 17:57:56 [INFO] [SY] Scroll done after 2 scrolls.
2026-05-28 17:57:57 [INFO] [SY] Found 11 listing cards. Fetching detail pages...
2026-05-28 17:58:01 [DEBUG] [SY] 1/11 Prestige Golden Grove → 1169 Sq. Ft.
2026-05-28 17:58:12 [INFO] [SY] Extracted 11 listings with details.
2026-05-28 17:58:14 [INFO] [SY] 11 listings ready.
2026-05-28 17:58:14 [INFO] [C&W] Loading static Cushman & Wakefield listings...
2026-05-28 17:58:14 [INFO] [C&W] 1 listings ready.
2026-05-28 17:58:14 [INFO] Combined: JLL=50, C&W=1, SY=11, Total=57
2026-05-28 17:58:15 [INFO] Excel saved → output\Combined_Hyderabad_offices_20260528_175814.xlsx
2026-05-28 17:58:15 [INFO] CSV   saved → output\Combined_Hyderabad_offices_20260528_175815.csv
2026-05-28 17:58:21 [INFO] [JLL] Target URL: https://property.jll.co.in/search?tenureTypes=rent&propertyTypes=office&cities=Hyderabad&regions=Telangana&sortBy=dateModified
2026-05-28 17:58:22 [INFO] Loading URL (attempt 1): https://property.jll.co.in/search?tenureTypes=rent&propertyTypes=office&cities=Hyderabad&regions=Telangana&sortBy=dateModified
2026-05-28 17:58:27 [INFO] [JLL] Page loaded. Starting scroll...
2026-05-28 17:58:30 [INFO] Reached end of page after 1 scrolls.
2026-05-28 17:58:30 [INFO] [JLL] Parsing HTML...
2026-05-28 17:58:30 [INFO] [JLL] Extracted 50 raw listings.
2026-05-28 17:58:32 [INFO] [JLL] Clean listings: 50
2026-05-28 17:58:32 [INFO] [SY] Starting Square Yards Hyderabad scrape...
2026-05-28 17:58:34 [INFO] [SY] Loading: https://www.squareyards.com/hyderabad-real-estate
2026-05-28 17:58:48 [INFO] [SY] Scroll done after 2 scrolls.
2026-05-28 17:58:49 [INFO] [SY] Found 11 listing cards. Fetching detail pages...
2026-05-28 17:58:54 [DEBUG] [SY] 1/11 Prestige Golden Grove → 1169 Sq. Ft.
2026-05-28 17:59:05 [INFO] [SY] Extracted 11 listings with details.
2026-05-28 17:59:07 [INFO] [SY] 11 listings ready.
2026-05-28 17:59:07 [INFO] [C&W] Loading static Cushman & Wakefield listings...
2026-05-28 17:59:07 [INFO] [C&W] 1 listings ready.
2026-05-28 17:59:07 [INFO] Combined: JLL=50, C&W=1, SY=11, Total=57
2026-05-28 17:59:08 [INFO] Excel saved → output\Combined_Hyderabad_offices_20260528_175907.xlsx
2026-05-28 17:59:08 [INFO] CSV   saved → output\Combined_Hyderabad_offices_20260528_175908.csv
2026-05-28 18:03:10 [INFO] [JLL] Target URL: https://property.jll.co.in/search?tenureTypes=rent&propertyTypes=office&cities=Hyderabad&regions=Telangana&sortBy=dateModified
2026-05-28 18:03:11 [INFO] Loading URL (attempt 1): https://property.jll.co.in/search?tenureTypes=rent&propertyTypes=office&cities=Hyderabad&regions=Telangana&sortBy=dateModified
2026-05-28 18:03:16 [INFO] [JLL] Page loaded. Starting scroll...
2026-05-28 18:03:19 [INFO] Reached end of page after 1 scrolls.
2026-05-28 18:03:19 [INFO] [JLL] Parsing HTML...
2026-05-28 18:03:19 [INFO] [JLL] Extracted 50 raw listings.
2026-05-28 18:03:21 [INFO] [JLL] Clean listings: 50
2026-05-28 18:03:21 [INFO] [SY] Starting Square Yards Hyderabad scrape...
2026-05-28 18:03:22 [INFO] [SY] Loading: https://www.squareyards.com/hyderabad-real-estate
2026-05-28 18:03:37 [INFO] [SY] Scroll done after 2 scrolls.
2026-05-28 18:03:37 [INFO] [SY] Found 23 listing cards. Fetching detail pages...
2026-05-28 18:03:41 [DEBUG] [SY] 1/23 Prestige Golden Grove → 1169 
                          
                            to 3013 Sq. Ft
2026-05-28 18:03:46 [DEBUG] [SY] 2/23 The Prestige City Hyderabad → 1179 
                          
                            to 3400 Sq. Ft
2026-05-28 18:03:50 [DEBUG] [SY] 3/23 Godrej Regal Pavilion → 1352 
                          
                            to 3571 Sq. Ft
2026-05-28 18:03:55 [DEBUG] [SY] 4/23 Brigade Enclave → 1868 
                          
                            to 2635 Sq. Ft
2026-05-28 18:04:00 [DEBUG] [SY] 5/23 Prestige Spring Heights → 1571 
                          
                            to 3233 Sq. Ft
2026-05-28 18:04:04 [DEBUG] [SY] 6/23 Prestige Golden Grove → 1169 
                          
                            to 3013 Sq. Ft
2026-05-28 18:04:09 [DEBUG] [SY] 7/23 Brigade Gateway → 3067 
                          
                            to 9786 Sq. Ft
2026-05-28 18:04:14 [DEBUG] [SY] 8/23 Godrej Madison Avenue → 2350 
                          
                            to 3600 Sq. Ft
2026-05-28 18:04:18 [DEBUG] [SY] 9/23 Ramky One Odyssey → 1750 
                          
                            to 3020 Sq. Ft
2026-05-28 18:04:23 [DEBUG] [SY] 10/23 Prestige Clairemont → 2003 
                          
                            to 4037 Sq. Ft
2026-05-28 18:04:28 [DEBUG] [SY] 11/23 The Prestige City Hyderabad → 1179 
                          
                            to 3400 Sq. Ft
2026-05-28 18:04:33 [DEBUG] [SY] 12/23 Godrej Regal Pavilion → 1352 
                          
                            to 3571 Sq. Ft
2026-05-28 18:04:37 [DEBUG] [SY] 13/23 Prestige Spring Heights → 1571 
                          
                            to 3233 Sq. Ft
2026-05-28 18:04:42 [DEBUG] [SY] 14/23 Ramky The Eminent → 2290 
                          
                            to 4100 Sq. Ft
2026-05-28 18:04:47 [DEBUG] [SY] 15/23 Ramky Signature Estates → 10634 
                          
                            to 11635 Sq. Ft
2026-05-28 18:04:51 [DEBUG] [SY] 16/23 Aparna Kanopy Yellow Bells → 1294 
                          
                            to 1911 Sq. Ft
2026-05-28 18:04:56 [DEBUG] [SY] 17/23 Aparna Synergy → 1251 
                          
                            to 2304 Sq. Ft
2026-05-28 18:05:01 [DEBUG] [SY] 18/23 Aparna Serenity → 1335 
                          
                            to 2730 Sq. Ft
2026-05-28 18:05:05 [DEBUG] [SY] 19/23 Aparna Kanopy Marigold → 1525 
                          
                            to 1930 Sq. Ft
2026-05-28 18:05:10 [DEBUG] [SY] 20/23 Brigade Enclave → 1868 
                          
                            to 2635 Sq. Ft
2026-05-28 18:05:15 [DEBUG] [SY] 21/23 Kalpataru Avante → 1450 
                          
                            to 2501 Sq. Ft
2026-05-28 18:05:19 [DEBUG] [SY] 22/23 Ramky One Genext Towers → 1310 
                          
                            to 1860 Sq. Ft
2026-05-28 18:05:24 [DEBUG] [SY] 23/23 Ramky One Orion → 1265 
                          
                            to 1825 Sq. Ft
2026-05-28 18:05:25 [INFO] [SY] Extracted 23 listings with details.
2026-05-28 18:05:27 [INFO] [SY] 23 listings ready.
2026-05-28 18:05:27 [INFO] [C&W] Loading static Cushman & Wakefield listings...
2026-05-28 18:05:27 [INFO] [C&W] 1 listings ready.
2026-05-28 18:05:27 [INFO] Combined: JLL=50, C&W=1, SY=23, Total=65
2026-05-28 18:05:28 [INFO] Excel saved → output\Combined_Hyderabad_offices_20260528_180527.xlsx
2026-05-28 18:05:28 [INFO] CSV   saved → output\Combined_Hyderabad_offices_20260528_180528.csv
2026-05-28 18:10:07 [INFO] [JLL] Target URL: https://property.jll.co.in/search?tenureTypes=rent&propertyTypes=office&cities=Hyderabad&regions=Telangana&sortBy=dateModified
2026-05-28 18:10:08 [INFO] Loading URL (attempt 1): https://property.jll.co.in/search?tenureTypes=rent&propertyTypes=office&cities=Hyderabad&regions=Telangana&sortBy=dateModified
2026-05-28 18:10:14 [INFO] [JLL] Page loaded. Starting scroll...
2026-05-28 18:10:16 [INFO] Reached end of page after 1 scrolls.
2026-05-28 18:10:16 [INFO] [JLL] Parsing HTML...
2026-05-28 18:10:17 [INFO] [JLL] Extracted 50 raw listings.
2026-05-28 18:10:19 [INFO] [JLL] Clean listings: 50
2026-05-28 18:10:19 [INFO] [SY] Starting Square Yards Hyderabad scrape...
2026-05-28 18:10:20 [INFO] [SY] Loading: https://www.squareyards.com/hyderabad-real-estate
2026-05-28 18:10:35 [INFO] [SY] Scroll done after 2 scrolls.
2026-05-28 18:10:35 [INFO] [SY] Found 23 listing cards. Fetching detail pages...
2026-05-28 18:10:39 [DEBUG] [SY] 1/23 Prestige Golden Grove → 3,013 Sq. Ft | Golden Grove Tellapur, Hyderabad
2026-05-28 18:10:44 [DEBUG] [SY] 2/23 The Prestige City Hyderabad → 3,400 Sq. Ft | Prestige City, Hyderabad
2026-05-28 18:10:48 [DEBUG] [SY] 3/23 Godrej Regal Pavilion → 3,571 Sq. Ft | Godrej Regal Pavilion
                                             
                                          Gaganpahad, Hyderabad
2026-05-28 18:10:53 [DEBUG] [SY] 4/23 Brigade Enclave → 2,635 Sq. Ft | Brigade Enclave
                                             
                                          Erragadda, Hyderabad
2026-05-28 18:10:58 [DEBUG] [SY] 5/23 Prestige Spring Heights → 3,233 Sq. Ft | Prestige Spring Heights
                                             
                                          Rajendra Nagar, Hyderabad
2026-05-28 18:11:02 [DEBUG] [SY] 6/23 Prestige Golden Grove → 3,013 Sq. Ft | Golden Grove Tellapur, Hyderabad
2026-05-28 18:11:07 [DEBUG] [SY] 7/23 Brigade Gateway → 9,786 Sq. Ft | Brigade Gateway
                                             
                                          Kokapet, Hyderabad
2026-05-28 18:11:12 [DEBUG] [SY] 8/23 Godrej Madison Avenue → 3,600 Sq. Ft | Godrej Madison Avenue
                                             
                                          Kokapet, Hyderabad
2026-05-28 18:11:17 [DEBUG] [SY] 9/23 Ramky One Odyssey → 3,020 Sq. Ft | Ramky One Odyssey
                                             
                                          Narsingi, Hyderabad
2026-05-28 18:11:21 [DEBUG] [SY] 10/23 Prestige Clairemont → 4,037 Sq. Ft | Prestige Clairemont
                                             
                                          Kokapet, Hyderabad
2026-05-28 18:11:26 [DEBUG] [SY] 11/23 The Prestige City Hyderabad → 3,400 Sq. Ft | Prestige City, Hyderabad
2026-05-28 18:11:31 [DEBUG] [SY] 12/23 Godrej Regal Pavilion → 3,571 Sq. Ft | Godrej Regal Pavilion
                                             
                                          Gaganpahad, Hyderabad
2026-05-28 18:11:35 [DEBUG] [SY] 13/23 Prestige Spring Heights → 3,233 Sq. Ft | Prestige Spring Heights
                                             
                                          Rajendra Nagar, Hyderabad
2026-05-28 18:11:40 [DEBUG] [SY] 14/23 Ramky The Eminent → 4,100 Sq. Ft | Ramky The Eminent
                                             
                                          Gaganpahad, Hyderabad
2026-05-28 18:11:44 [DEBUG] [SY] 15/23 Ramky Signature Estates → 11,635 Sq. Ft | Ramky Signature Estates
                                             
                                          Tukkuguda, Hyderabad
2026-05-28 18:11:49 [DEBUG] [SY] 16/23 Aparna Kanopy Yellow Bells → 1,911 Sq. Ft | Aparna Kanopy Yellow Bells
                                             
                                          Kompally, Hyderabad
2026-05-28 18:11:54 [DEBUG] [SY] 17/23 Aparna Synergy → 2,304 Sq. Ft | Aparna Synergy
                                             
                                          Gandi Maisamma, Hyderabad
2026-05-28 18:11:59 [DEBUG] [SY] 18/23 Aparna Serenity → 2,730 Sq. Ft | Aparna Serenity
                                             
                                          Kompally, Hyderabad
2026-05-28 18:12:03 [DEBUG] [SY] 19/23 Aparna Kanopy Marigold → 1,930 Sq. Ft | Aparna Kanopy Marigold
                                             
                                          Kompally, Hyderabad
2026-05-28 18:12:08 [DEBUG] [SY] 20/23 Brigade Enclave → 2,635 Sq. Ft | Brigade Enclave
                                             
                                          Erragadda, Hyderabad
2026-05-28 18:12:13 [DEBUG] [SY] 21/23 Kalpataru Avante → 2,501 Sq. Ft | Kalpataru Avante
                                             
                                          Sanath Nagar, Hyderabad
2026-05-28 18:12:17 [DEBUG] [SY] 22/23 Ramky One Genext Towers → 1,860 Sq. Ft | Ramky One Genext Towers
                                             
                                          Uppal, Hyderabad
2026-05-28 18:12:22 [DEBUG] [SY] 23/23 Ramky One Orion → 1,825 Sq. Ft | Ramky One Orion
                                             
                                          Pocharam, Hyderabad
2026-05-28 18:12:23 [INFO] [SY] Extracted 23 listings with details.
2026-05-28 18:12:25 [INFO] [SY] 23 listings ready.
2026-05-28 18:12:25 [INFO] [C&W] Loading static Cushman & Wakefield listings...
2026-05-28 18:12:25 [INFO] [C&W] 1 listings ready.
2026-05-28 18:12:25 [INFO] Combined: JLL=50, C&W=1, SY=23, Total=65
2026-05-28 18:12:26 [INFO] Excel saved → output\Combined_Hyderabad_offices_20260528_181225.xlsx
2026-05-28 18:12:26 [INFO] CSV   saved → output\Combined_Hyderabad_offices_20260528_181226.csv
2026-05-28 18:16:48 [INFO] [JLL] Target URL: https://property.jll.co.in/search?tenureTypes=rent&propertyTypes=office&cities=Hyderabad&regions=Telangana&sortBy=dateModified
2026-05-28 18:16:49 [INFO] Loading URL (attempt 1): https://property.jll.co.in/search?tenureTypes=rent&propertyTypes=office&cities=Hyderabad&regions=Telangana&sortBy=dateModified
2026-05-28 18:16:56 [INFO] [JLL] Page loaded. Starting scroll...
2026-05-28 18:16:59 [ERROR] [JLL] Unexpected error:
Traceback (most recent call last):
  File "C:\Users\MANDE SRIMAN\Downloads\web scrapping\scraper.py", line 298, in scrape_jll
    scroll_to_bottom(driver, logger, max_scrolls=max_scrolls)
  File "C:\Users\MANDE SRIMAN\Downloads\web scrapping\scraper.py", line 126, in scroll_to_bottom
    _click_load_more(driver)
NameError: name '_click_load_more' is not defined

2026-05-28 18:17:01 [WARNING] [JLL] No listings found.
2026-05-28 18:17:01 [INFO] [SY] Starting Square Yards Hyderabad commercial scrape...
2026-05-28 18:17:02 [INFO] [SY] Loading: https://www.squareyards.com/rent/office-spaces-for-rent-in-hyderabad
2026-05-28 18:17:45 [INFO] [SY] Scroll done after 5 scrolls for https://www.squareyards.com/rent/office-spaces-for-rent-in-hyderabad
2026-05-28 18:17:45 [INFO] [SY] Found 0 cards from https://www.squareyards.com/rent/office-spaces-for-rent-in-hyderabad
2026-05-28 18:17:45 [INFO] [SY] Loading: https://www.squareyards.com/sale/office-spaces-for-sale-in-hyderabad
2026-05-28 18:18:24 [INFO] [SY] Scroll done after 5 scrolls for https://www.squareyards.com/sale/office-spaces-for-sale-in-hyderabad
2026-05-28 18:18:25 [INFO] [SY] Found 0 cards from https://www.squareyards.com/sale/office-spaces-for-sale-in-hyderabad
2026-05-28 18:18:25 [INFO] [SY] Loading: https://www.squareyards.com/rent/commercial-properties-for-rent-in-hyderabad
2026-05-28 18:19:03 [INFO] [SY] Scroll done after 5 scrolls for https://www.squareyards.com/rent/commercial-properties-for-rent-in-hyderabad
2026-05-28 18:19:04 [INFO] [SY] Found 0 cards from https://www.squareyards.com/rent/commercial-properties-for-rent-in-hyderabad
2026-05-28 18:19:04 [INFO] [SY] Loading: https://www.squareyards.com/sale/commercial-properties-for-sale-in-hyderabad
2026-05-28 18:19:30 [INFO] [SY] Scroll done after 3 scrolls for https://www.squareyards.com/sale/commercial-properties-for-sale-in-hyderabad
2026-05-28 18:19:30 [INFO] [SY] Found 0 cards from https://www.squareyards.com/sale/commercial-properties-for-sale-in-hyderabad
2026-05-28 18:19:32 [WARNING] [SY] No listings found.
2026-05-28 18:19:32 [INFO] [C&W] Loading static Cushman & Wakefield listings...
2026-05-28 18:19:32 [INFO] [C&W] 1 listings ready.
2026-05-28 18:19:32 [INFO] Combined: JLL=0, C&W=1, SY=0, Total=1
2026-05-28 18:19:33 [INFO] Excel saved → output\Combined_Hyderabad_offices_20260528_181932.xlsx
2026-05-28 18:19:33 [INFO] CSV   saved → output\Combined_Hyderabad_offices_20260528_181933.csv
2026-05-28 18:20:53 [INFO] [JLL] Target URL: https://property.jll.co.in/search?tenureTypes=rent&propertyTypes=office&cities=Hyderabad&regions=Telangana&sortBy=dateModified
2026-05-28 18:20:54 [INFO] Loading URL (attempt 1): https://property.jll.co.in/search?tenureTypes=rent&propertyTypes=office&cities=Hyderabad&regions=Telangana&sortBy=dateModified
2026-05-28 18:20:59 [INFO] [JLL] Page loaded. Starting scroll...
2026-05-28 18:21:05 [DEBUG] Scroll 1: height=7757px
2026-05-28 18:21:11 [DEBUG] Scroll 2: height=7757px
2026-05-28 18:21:14 [INFO] [JLL] Reached end of page after 3 scrolls.
2026-05-28 18:21:14 [INFO] [JLL] Parsing HTML...
2026-05-28 18:21:14 [INFO] [JLL] Extracted 50 raw listings.
2026-05-28 18:21:17 [INFO] [JLL] Clean listings: 50
2026-05-28 18:21:17 [INFO] [SY] Starting Square Yards Hyderabad commercial scrape...
2026-05-28 18:21:18 [INFO] [SY] Loading: https://www.squareyards.com/hyderabad-real-estate
2026-05-28 18:21:45 [INFO] [SY] Scroll done after 4 scrolls for https://www.squareyards.com/hyderabad-real-estate
2026-05-28 18:21:45 [INFO] [SY] Found 23 cards from https://www.squareyards.com/hyderabad-real-estate
2026-05-28 18:21:49 [DEBUG] [SY] 1/23 Prestige Golden Grove → 3,013 Sq. Ft | Golden Grove Tellapur, Hyderabad
2026-05-28 18:21:54 [DEBUG] [SY] 2/23 The Prestige City Hyderabad → 3,400 Sq. Ft | Prestige City, Hyderabad
2026-05-28 18:21:58 [DEBUG] [SY] 3/23 Godrej Regal Pavilion → 3,571 Sq. Ft | Godrej Regal Pavilion
                                             
                                          Gaganpahad, Hyderabad
2026-05-28 18:22:03 [DEBUG] [SY] 4/23 Brigade Enclave → 2,635 Sq. Ft | Brigade Enclave
                                             
                                          Erragadda, Hyderabad
2026-05-28 18:22:08 [DEBUG] [SY] 5/23 Prestige Spring Heights → 3,233 Sq. Ft | Prestige Spring Heights
                                             
                                          Rajendra Nagar, Hyderabad
2026-05-28 18:22:13 [DEBUG] [SY] 6/23 Prestige Golden Grove → 3,013 Sq. Ft | Golden Grove Tellapur, Hyderabad
2026-05-28 18:22:17 [DEBUG] [SY] 7/23 Brigade Gateway → 9,786 Sq. Ft | Brigade Gateway
                                             
                                          Kokapet, Hyderabad
2026-05-28 18:22:22 [DEBUG] [SY] 8/23 Godrej Madison Avenue → 3,600 Sq. Ft | Godrej Madison Avenue
                                             
                                          Kokapet, Hyderabad
2026-05-28 18:22:27 [DEBUG] [SY] 9/23 Ramky One Odyssey → 3,020 Sq. Ft | Ramky One Odyssey
                                             
                                          Narsingi, Hyderabad
2026-05-28 18:22:32 [DEBUG] [SY] 10/23 Prestige Clairemont → 4,037 Sq. Ft | Prestige Clairemont
                                             
                                          Kokapet, Hyderabad
2026-05-28 18:22:36 [DEBUG] [SY] 11/23 The Prestige City Hyderabad → 3,400 Sq. Ft | Prestige City, Hyderabad
2026-05-28 18:22:41 [DEBUG] [SY] 12/23 Godrej Regal Pavilion → 3,571 Sq. Ft | Godrej Regal Pavilion
                                             
                                          Gaganpahad, Hyderabad
2026-05-28 18:22:46 [DEBUG] [SY] 13/23 Prestige Spring Heights → 3,233 Sq. Ft | Prestige Spring Heights
                                             
                                          Rajendra Nagar, Hyderabad
2026-05-28 18:22:50 [DEBUG] [SY] 14/23 Ramky The Eminent → 4,100 Sq. Ft | Ramky The Eminent
                                             
                                          Gaganpahad, Hyderabad
2026-05-28 18:22:55 [DEBUG] [SY] 15/23 Ramky Signature Estates → 11,635 Sq. Ft | Ramky Signature Estates
                                             
                                          Tukkuguda, Hyderabad
2026-05-28 18:23:00 [DEBUG] [SY] 16/23 Aparna Kanopy Yellow Bells → 1,911 Sq. Ft | Aparna Kanopy Yellow Bells
                                             
                                          Kompally, Hyderabad
2026-05-28 18:23:05 [DEBUG] [SY] 17/23 Aparna Synergy → 2,304 Sq. Ft | Aparna Synergy
                                             
                                          Gandi Maisamma, Hyderabad
2026-05-28 18:23:09 [DEBUG] [SY] 18/23 Aparna Serenity → 2,730 Sq. Ft | Aparna Serenity
                                             
                                          Kompally, Hyderabad
2026-05-28 18:23:14 [DEBUG] [SY] 19/23 Aparna Kanopy Marigold → 1,930 Sq. Ft | Aparna Kanopy Marigold
                                             
                                          Kompally, Hyderabad
2026-05-28 18:23:19 [DEBUG] [SY] 20/23 Brigade Enclave → 2,635 Sq. Ft | Brigade Enclave
                                             
                                          Erragadda, Hyderabad
2026-05-28 18:23:23 [DEBUG] [SY] 21/23 Kalpataru Avante → 2,501 Sq. Ft | Kalpataru Avante
                                             
                                          Sanath Nagar, Hyderabad
2026-05-28 18:23:28 [DEBUG] [SY] 22/23 Ramky One Genext Towers → 1,860 Sq. Ft | Ramky One Genext Towers
                                             
                                          Uppal, Hyderabad
2026-05-28 18:23:33 [DEBUG] [SY] 23/23 Ramky One Orion → 1,825 Sq. Ft | Ramky One Orion
                                             
                                          Pocharam, Hyderabad
2026-05-28 18:23:36 [INFO] [SY] After commercial+Hyderabad filter: 1/23 listings kept.
2026-05-28 18:23:36 [INFO] [SY] 1 final listings ready.
2026-05-28 18:23:36 [INFO] [C&W] Loading static Cushman & Wakefield listings...
2026-05-28 18:23:36 [INFO] [C&W] 1 listings ready.
2026-05-28 18:23:36 [INFO] Combined: JLL=50, C&W=1, SY=1, Total=48
2026-05-28 18:23:36 [INFO] Excel saved → output\Combined_Hyderabad_offices_20260528_182336.xlsx
2026-05-28 18:23:36 [INFO] CSV   saved → output\Combined_Hyderabad_offices_20260528_182336.csv
2026-05-28 18:26:05 [INFO] [JLL] Target URL: https://property.jll.co.in/search?tenureTypes=rent&propertyTypes=office&cities=Hyderabad&regions=Telangana&sortBy=dateModified
2026-05-28 18:26:06 [INFO] Loading URL (attempt 1): https://property.jll.co.in/search?tenureTypes=rent&propertyTypes=office&cities=Hyderabad&regions=Telangana&sortBy=dateModified
2026-05-28 18:26:12 [INFO] [JLL] Page loaded. Starting scroll...
2026-05-28 18:26:18 [DEBUG] Scroll 1: height=7757px
2026-05-28 18:26:24 [DEBUG] Scroll 2: height=7757px
2026-05-28 18:26:27 [INFO] [JLL] Reached end of page after 3 scrolls.
2026-05-28 18:26:27 [INFO] [JLL] Parsing HTML...
2026-05-28 18:26:27 [INFO] [JLL] Extracted 50 raw listings.
2026-05-28 18:26:29 [INFO] [JLL] Clean listings: 50
2026-05-28 18:26:29 [INFO] [SY] Starting Square Yards Hyderabad commercial scrape...
2026-05-28 18:26:31 [INFO] [SY] Loading: https://www.squareyards.com/hyderabad-real-estate
2026-05-28 18:26:57 [INFO] [SY] Scroll done after 4 scrolls for https://www.squareyards.com/hyderabad-real-estate
2026-05-28 18:26:58 [INFO] [SY] Found 23 cards from https://www.squareyards.com/hyderabad-real-estate
2026-05-28 18:27:01 [DEBUG] [SY] 1/23 Prestige Golden Grove → 3,013 Sq. Ft | Golden Grove Tellapur, Hyderabad
2026-05-28 18:27:06 [DEBUG] [SY] 2/23 The Prestige City Hyderabad → 3,400 Sq. Ft | Prestige City, Hyderabad
2026-05-28 18:27:11 [DEBUG] [SY] 3/23 Godrej Regal Pavilion → 3,571 Sq. Ft | Godrej Regal Pavilion Gaganpahad, Hyderabad
2026-05-28 18:27:16 [DEBUG] [SY] 4/23 Brigade Enclave → 2,635 Sq. Ft | Brigade Enclave Erragadda, Hyderabad
2026-05-28 18:27:20 [DEBUG] [SY] 5/23 Prestige Spring Heights → 3,233 Sq. Ft | Prestige Spring Heights Rajendra Nagar, Hyderabad
2026-05-28 18:27:25 [DEBUG] [SY] 6/23 Prestige Golden Grove → 3,013 Sq. Ft | Golden Grove Tellapur, Hyderabad
2026-05-28 18:27:30 [DEBUG] [SY] 7/23 Brigade Gateway → 9,786 Sq. Ft | Brigade Gateway Kokapet, Hyderabad
2026-05-28 18:27:35 [DEBUG] [SY] 8/23 Godrej Madison Avenue → 3,600 Sq. Ft | Godrej Madison Avenue Kokapet, Hyderabad
2026-05-28 18:27:40 [DEBUG] [SY] 9/23 Ramky One Odyssey → 3,020 Sq. Ft | Ramky One Odyssey Narsingi, Hyderabad
2026-05-28 18:27:45 [DEBUG] [SY] 10/23 Prestige Clairemont → 4,037 Sq. Ft | Prestige Clairemont Kokapet, Hyderabad
2026-05-28 18:27:49 [DEBUG] [SY] 11/23 The Prestige City Hyderabad → 3,400 Sq. Ft | Prestige City, Hyderabad
2026-05-28 18:27:54 [DEBUG] [SY] 12/23 Godrej Regal Pavilion → 3,571 Sq. Ft | Godrej Regal Pavilion Gaganpahad, Hyderabad
2026-05-28 18:27:59 [DEBUG] [SY] 13/23 Prestige Spring Heights → 3,233 Sq. Ft | Prestige Spring Heights Rajendra Nagar, Hyderabad
2026-05-28 18:28:03 [DEBUG] [SY] 14/23 Ramky The Eminent → 4,100 Sq. Ft | Ramky The Eminent Gaganpahad, Hyderabad
2026-05-28 18:28:08 [DEBUG] [SY] 15/23 Ramky Signature Estates → 11,635 Sq. Ft | Ramky Signature Estates Tukkuguda, Hyderabad
2026-05-28 18:28:13 [DEBUG] [SY] 16/23 Aparna Kanopy Yellow Bells → 1,911 Sq. Ft | Aparna Kanopy Yellow Bells Kompally, Hyderabad
2026-05-28 18:28:17 [DEBUG] [SY] 17/23 Aparna Synergy → 2,304 Sq. Ft | Aparna Synergy Gandi Maisamma, Hyderabad
2026-05-28 18:28:22 [DEBUG] [SY] 18/23 Aparna Serenity → 2,730 Sq. Ft | Aparna Serenity Kompally, Hyderabad
2026-05-28 18:28:27 [DEBUG] [SY] 19/23 Aparna Kanopy Marigold → 1,930 Sq. Ft | Aparna Kanopy Marigold Kompally, Hyderabad
2026-05-28 18:28:31 [DEBUG] [SY] 20/23 Brigade Enclave → 2,635 Sq. Ft | Brigade Enclave Erragadda, Hyderabad
2026-05-28 18:28:36 [DEBUG] [SY] 21/23 Kalpataru Avante → 2,501 Sq. Ft | Kalpataru Avante Sanath Nagar, Hyderabad
2026-05-28 18:28:41 [DEBUG] [SY] 22/23 Ramky One Genext Towers → 1,860 Sq. Ft | Ramky One Genext Towers Uppal, Hyderabad
2026-05-28 18:28:46 [DEBUG] [SY] 23/23 Ramky One Orion → 1,825 Sq. Ft | Ramky One Orion Pocharam, Hyderabad
2026-05-28 18:28:49 [INFO] [SY] After commercial filter: 5/23 listings kept.
2026-05-28 18:28:49 [INFO] [SY] 4 final listings ready.
2026-05-28 18:28:49 [INFO] [C&W] Loading static Cushman & Wakefield listings...
2026-05-28 18:28:49 [INFO] [C&W] 1 listings ready.
2026-05-28 18:28:49 [INFO] Combined: JLL=50, C&W=1, SY=4, Total=51
2026-05-28 18:28:49 [INFO] Excel saved → output\Combined_Hyderabad_offices_20260528_182849.xlsx
2026-05-28 18:28:49 [INFO] CSV   saved → output\Combined_Hyderabad_offices_20260528_182849.csv
2026-05-28 18:35:55 [INFO] [JLL] Target URL: https://property.jll.co.in/search?tenureTypes=rent&propertyTypes=office&cities=Hyderabad&regions=Telangana&sortBy=dateModified
2026-05-28 18:35:57 [INFO] Loading URL (attempt 1): https://property.jll.co.in/search?tenureTypes=rent&propertyTypes=office&cities=Hyderabad&regions=Telangana&sortBy=dateModified
2026-05-28 18:36:02 [INFO] [JLL] Page loaded. Starting scroll...
2026-05-28 18:36:09 [DEBUG] Scroll 1: height=7757px
2026-05-28 18:36:15 [DEBUG] Scroll 2: height=7757px
2026-05-28 18:36:18 [INFO] [JLL] Reached end of page after 3 scrolls.
2026-05-28 18:36:18 [INFO] [JLL] Parsing HTML...
2026-05-28 18:36:18 [INFO] [JLL] Extracted 50 raw listings.
2026-05-28 18:36:20 [INFO] [JLL] Clean listings: 50
2026-05-28 18:36:20 [INFO] [SY] Starting Square Yards Hyderabad commercial scrape...
2026-05-28 18:36:21 [INFO] [SY] Loading: https://www.squareyards.com/sale/office-spaces-for-sale-in-hyderabad
2026-05-28 18:37:00 [INFO] [SY] Scroll done after 5 scrolls for https://www.squareyards.com/sale/office-spaces-for-sale-in-hyderabad
2026-05-28 18:37:00 [INFO] [SY] Found 25 cards from https://www.squareyards.com/sale/office-spaces-for-sale-in-hyderabad
2026-05-28 18:37:04 [DEBUG] [SY] 1/25 Office Space for Sale in Kondapur, Hyderabad → 9,786 Sq. Ft | Kondapur, Hyderabad
2026-05-28 18:37:10 [DEBUG] [SY] 2/25 Office Space for Sale in Financial District, Hyderabad → 3,013 Sq. Ft | Financial District, Hyderabad
2026-05-28 18:37:15 [DEBUG] [SY] 3/25 Office Space for Sale in Ameerpet, Hyderabad → 2,635 Sq. Ft | Ameerpet, Hyderabad
2026-05-28 18:37:21 [DEBUG] [SY] 4/25 Office Space for Sale in Banjara Hills, Hyderabad → 2,635 Sq. Ft | Banjara Hills, Hyderabad
2026-05-28 18:37:26 [DEBUG] [SY] 5/25 Office Space for Sale in Kondapur, Hyderabad → 3,013 Sq. Ft | Kondapur, Hyderabad
2026-05-28 18:37:32 [DEBUG] [SY] 6/25 Office Space for Sale in Banjara Hills, Hyderabad → 2,635 Sq. Ft | Banjara Hills, Hyderabad
2026-05-28 18:37:37 [DEBUG] [SY] 7/25 Office Space for Sale in Nanakramguda, Hyderabad → 3,013 Sq. Ft | Nanakramguda, Hyderabad
2026-05-28 18:37:42 [DEBUG] [SY] 8/25 Office Space for Sale in Rai Durg, Hyderabad → 8,001 Sq. Ft | Rai Durg, Hyderabad
2026-05-28 18:37:47 [DEBUG] [SY] 9/25 Office Space for Sale in Madhapur, Hyderabad → 3,013 Sq. Ft | Madhapur, Hyderabad
2026-05-28 18:37:52 [DEBUG] [SY] 10/25 Office Space for Sale in Abids, Hyderabad → 2,635 Sq. Ft | Abids, Hyderabad
2026-05-28 18:37:57 [DEBUG] [SY] 11/25 Office Space for Sale in Jubilee Hills, Hyderabad → 2,635 Sq. Ft | Jubilee Hills, Hyderabad
2026-05-28 18:38:02 [DEBUG] [SY] 12/25 Office Space for Sale in Nanakramguda, Hyderabad → 9,786 Sq. Ft | Nanakramguda, Hyderabad
2026-05-28 18:38:09 [DEBUG] [SY] 13/25 Office Space for Sale in Madhapur, Hyderabad → 9,786 Sq. Ft | Madhapur, Hyderabad
2026-05-28 18:38:14 [DEBUG] [SY] 14/25 Office Space for Sale in Gachibowli, Hyderabad → 9,786 Sq. Ft | Gachibowli, Hyderabad
2026-05-28 18:38:20 [DEBUG] [SY] 15/25 Office Space for Sale in Kukatpally, Hyderabad → 9,786 Sq. Ft | Kukatpally, Hyderabad
2026-05-28 18:38:25 [DEBUG] [SY] 16/25 Office Space for Sale in Nallagandla, Hyderabad → 1,855 Sq. Ft | Nallagandla, Hyderabad
2026-05-28 18:38:30 [DEBUG] [SY] 17/25 Office Space for Sale in Ameerpet, Hyderabad → 2,635 Sq. Ft | Ameerpet, Hyderabad
2026-05-28 18:38:35 [DEBUG] [SY] 18/25 Office Space for Sale in Lakdi Ka Pul, Hyderabad → 2,635 Sq. Ft | Lakdi Ka Pul, Hyderabad
2026-05-28 18:38:40 [DEBUG] [SY] 19/25 Office Space for Sale in Hafeezpet, Hyderabad → 3,013 Sq. Ft | Hafeezpet, Hyderabad
2026-05-28 18:38:45 [DEBUG] [SY] 20/25 Office Space for Sale in Begumpet, Hyderabad → 3,013 Sq. Ft | Begumpet, Hyderabad
2026-05-28 18:38:52 [DEBUG] [SY] 21/25 Office Space for Sale in Neknampur, Hyderabad → 3,013 Sq. Ft | Neknampur, Hyderabad
2026-05-28 18:39:00 [DEBUG] [SY] 22/25 Office Space for Sale in Jubilee Hills, Hyderabad → 2,635 Sq. Ft | Jubilee Hills, Hyderabad
2026-05-28 18:39:05 [DEBUG] [SY] 23/25 Office Space for Sale in Banjara Hills, Hyderabad → 2,635 Sq. Ft | Banjara Hills, Hyderabad
2026-05-28 18:39:10 [DEBUG] [SY] 24/25 Office Space for Sale in Jubilee Hills, Hyderabad → 2,635 Sq. Ft | Jubilee Hills, Hyderabad
2026-05-28 18:39:15 [DEBUG] [SY] 25/25 Office Space for Sale in Hafeezpet, Hyderabad → 3,013 Sq. Ft | Hafeezpet, Hyderabad
2026-05-28 18:39:16 [INFO] [SY] Loading: https://www.squareyards.com/rent/office-spaces-for-rent-in-hyderabad
2026-05-28 18:39:58 [INFO] [SY] Scroll done after 5 scrolls for https://www.squareyards.com/rent/office-spaces-for-rent-in-hyderabad
2026-05-28 18:39:58 [INFO] [SY] Found 25 cards from https://www.squareyards.com/rent/office-spaces-for-rent-in-hyderabad
2026-05-28 18:40:02 [DEBUG] [SY] 1/25 Office Space for Rent in Banjara Hills, Hyderabad → 4,925 Sq. Ft | Banjara Hills, Hyderabad
2026-05-28 18:40:07 [DEBUG] [SY] 2/25 Office Space for Rent in Begumpet, Hyderabad → 1,186 Sq. Ft | Begumpet, Hyderabad
2026-05-28 18:40:12 [DEBUG] [SY] 3/25 Office Space for Rent in Hi Tech City, Hyderabad → 3,200 Sq. Ft | Hi Tech City, Hyderabad
2026-05-28 18:40:17 [DEBUG] [SY] 4/25 Office Space for Rent in Kothaguda, Hyderabad → 2,150 Sq. Ft | Kothaguda, Hyderabad
2026-05-28 18:40:22 [DEBUG] [SY] 5/25 Office Space for Rent in Financial District, Hyderabad → 15,400 Sq. Ft | Financial District, Hyderabad
2026-05-28 18:40:28 [DEBUG] [SY] 6/25 Office Space for Rent in Kondapur, Hyderabad → 7,900 Sq. Ft | Kondapur, Hyderabad
2026-05-28 18:40:33 [DEBUG] [SY] 7/25 Office Space for Rent in Mehdipatnam, Hyderabad → 2,000 Sq. Ft | Mehdipatnam, Hyderabad
2026-05-28 18:40:38 [DEBUG] [SY] 8/25 Office Space for Rent in Somajiguda, Hyderabad → 5,500 Sq. Ft | Somajiguda, Hyderabad
2026-05-28 18:40:43 [DEBUG] [SY] 9/25 Office Space for Rent in Begumpet, Hyderabad → 391 Sq. Ft | Begumpet, Hyderabad
2026-05-28 18:40:49 [DEBUG] [SY] 10/25 Office Space for Rent in Jubilee Hills, Hyderabad → 4,000 Sq. Ft | Jubilee Hills, Hyderabad
2026-05-28 18:40:55 [DEBUG] [SY] 11/25 Office Space for Rent in Banjara Hills, Hyderabad → 37,500 Sq. Ft | Banjara Hills, Hyderabad
2026-05-28 18:41:00 [DEBUG] [SY] 12/25 Office Space for Rent in Gachibowli, Hyderabad → 3,300 Sq. Ft | Gachibowli, Hyderabad
2026-05-28 18:41:05 [DEBUG] [SY] 13/25 Office Space for Rent in Madhapur, Hyderabad → 2,046 Sq. Ft | Madhapur, Hyderabad
2026-05-28 18:41:10 [DEBUG] [SY] 14/25 Office Space for Rent in Madhapur, Hyderabad → 1,000 Sq. Ft | Madhapur, Hyderabad
2026-05-28 18:41:15 [DEBUG] [SY] 15/25 Office Space for Rent in Kokapet, Hyderabad → 3,760 Sq. Ft | Kokapet, Hyderabad
2026-05-28 18:41:20 [DEBUG] [SY] 16/25 Office Space for Rent in Beeramguda, Hyderabad → 1,250 Sq. Ft | Beeramguda, Hyderabad
2026-05-28 18:41:26 [DEBUG] [SY] 17/25 Office Space for Rent in Madhapur, Hyderabad → 2,146 Sq. Ft | Madhapur, Hyderabad
2026-05-28 18:41:34 [DEBUG] [SY] 18/25 Office Space for Rent in Gachibowli, Hyderabad → 2,800 Sq. Ft | Gachibowli, Hyderabad
2026-05-28 18:41:39 [DEBUG] [SY] 19/25 Office Space for Rent in Nanakramguda, Hyderabad → 50,000 Sq. Ft | Nanakramguda, Hyderabad
2026-05-28 18:41:45 [DEBUG] [SY] 20/25 Office Space for Rent in Masjid Banda, Hyderabad → 3,200 Sq. Ft | Masjid Banda, Hyderabad
2026-05-28 18:41:51 [DEBUG] [SY] 21/25 Office Space for Rent in Puppalaguda, Hyderabad → 3,200 Sq. Ft | Puppalaguda, Hyderabad
2026-05-28 18:41:56 [DEBUG] [SY] 22/25 Office Space for Rent in Madhapur, Hyderabad → 3,400 Sq. Ft | Madhapur, Hyderabad
2026-05-28 18:42:01 [DEBUG] [SY] 23/25 Office Space for Rent in Khairatabad, Hyderabad → 2,000 Sq. Ft | Khairatabad, Hyderabad
2026-05-28 18:42:06 [DEBUG] [SY] 24/25 Office Space for Rent in Kokapet, Hyderabad → 1,800 Sq. Ft | Kokapet, Hyderabad
2026-05-28 18:42:11 [DEBUG] [SY] 25/25 Office Space for Rent in Madhapur, Hyderabad → 1,897 Sq. Ft | Madhapur, Hyderabad
2026-05-28 18:42:12 [INFO] [SY] Loading: https://www.squareyards.com/rent/commercial-properties-for-rent-in-hyderabad
2026-05-28 18:42:51 [INFO] [SY] Scroll done after 5 scrolls for https://www.squareyards.com/rent/commercial-properties-for-rent-in-hyderabad
2026-05-28 18:42:51 [INFO] [SY] Found 25 cards from https://www.squareyards.com/rent/commercial-properties-for-rent-in-hyderabad
2026-05-28 18:42:55 [DEBUG] [SY] 1/25 Office Space for Rent in Banjara Hills, Hyderabad → 4,925 Sq. Ft | Banjara Hills, Hyderabad
2026-05-28 18:43:01 [DEBUG] [SY] 2/25 Office Space for Rent in Begumpet, Hyderabad → 538 Sq. Ft | Begumpet, Hyderabad
2026-05-28 18:43:06 [DEBUG] [SY] 3/25 Office Space for Rent in Hi Tech City, Hyderabad → 3,200 Sq. Ft | Hi Tech City, Hyderabad
2026-05-28 18:43:10 [DEBUG] [SY] 4/25 Office Space for Rent in Kothaguda, Hyderabad → 2,150 Sq. Ft | Kothaguda, Hyderabad
2026-05-28 18:43:15 [DEBUG] [SY] 5/25 Office Space for Rent in Financial District, Hyderabad → 15,400 Sq. Ft | Financial District, Hyderabad
2026-05-28 18:43:21 [DEBUG] [SY] 6/25 Office Space for Rent in Kokapet, Hyderabad → 17,000 Sq. Ft | Kokapet, Hyderabad
2026-05-28 18:43:27 [DEBUG] [SY] 7/25 Showroom for Rent in Sri Nagar Colony, Hyderabad → 4,500 Sq. Ft | Sri Nagar Colony, Hyderabad
2026-05-28 18:43:31 [DEBUG] [SY] 8/25 Office Space for Rent in Somajiguda, Hyderabad → 5,500 Sq. Ft | Somajiguda, Hyderabad
2026-05-28 18:43:36 [DEBUG] [SY] 9/25 Office Space for Rent in Begumpet, Hyderabad → 391 Sq. Ft | Begumpet, Hyderabad
2026-05-28 18:43:41 [DEBUG] [SY] 10/25 Office Space for Rent in Jubilee Hills, Hyderabad → 4,000 Sq. Ft | Jubilee Hills, Hyderabad
2026-05-28 18:43:45 [DEBUG] [SY] 11/25 Office Space for Rent in Banjara Hills, Hyderabad → 37,500 Sq. Ft | Banjara Hills, Hyderabad
2026-05-28 18:43:50 [DEBUG] [SY] 12/25 Office Space in IT/SEZ for Rent in Nanakramguda, Hyderabad → 5,000 Sq. Ft | Nanakramguda, Hyderabad
2026-05-28 18:43:55 [DEBUG] [SY] 13/25 Office Space for Rent in Gachibowli, Hyderabad → 3,300 Sq. Ft | Gachibowli, Hyderabad
2026-05-28 18:43:59 [DEBUG] [SY] 14/25 Office Space for Rent in Madhapur, Hyderabad → 2,046 Sq. Ft | Madhapur, Hyderabad
2026-05-28 18:44:04 [DEBUG] [SY] 15/25 Warehouse for Rent in Miyapur, Hyderabad →  | Miyapur, Hyderabad
2026-05-28 18:44:09 [DEBUG] [SY] 16/25 Office Space for Rent in Madhapur, Hyderabad → 1,000 Sq. Ft | Madhapur, Hyderabad
2026-05-28 18:44:15 [DEBUG] [SY] 17/25 Warehouse for Rent in Lakdi Ka Pul, Hyderabad → 2,700 Sq. Ft | Lakdi Ka Pul, Hyderabad
2026-05-28 18:44:20 [DEBUG] [SY] 18/25 Co-working Space for Rent in Kondapur, Hyderabad → 2,200 Sq. Ft | Kondapur, Hyderabad
2026-05-28 18:44:25 [DEBUG] [SY] 19/25 Office Space for Rent in Beeramguda, Hyderabad → 1,250 Sq. Ft | Beeramguda, Hyderabad
2026-05-28 18:44:30 [DEBUG] [SY] 20/25 Showroom for Rent in Nanakramguda, Hyderabad → 2,550 Sq. Ft | Nanakramguda, Hyderabad
2026-05-28 18:44:35 [DEBUG] [SY] 21/25 Office Space for Rent in Gachibowli, Hyderabad → 2,800 Sq. Ft | Gachibowli, Hyderabad
2026-05-28 18:44:40 [DEBUG] [SY] 22/25 Office Space for Rent in Madhapur, Hyderabad → 2,146 Sq. Ft | Madhapur, Hyderabad
2026-05-28 18:44:46 [DEBUG] [SY] 23/25 Warehouse for Rent in Fatehnagar, Hyderabad → 8,000 Sq. Ft | Fatehnagar, Hyderabad
2026-05-28 18:44:52 [DEBUG] [SY] 24/25 Warehouse for Rent in Attapur, Hyderabad →  | Attapur, Hyderabad
2026-05-28 18:44:57 [DEBUG] [SY] 25/25 Office Space for Rent in Nanakramguda, Hyderabad → 50,000 Sq. Ft | Nanakramguda, Hyderabad
2026-05-28 18:44:58 [INFO] [SY] Loading: https://www.squareyards.com/sale/commercial-properties-for-sale-in-hyderabad
2026-05-28 18:45:21 [INFO] [SY] Scroll done after 3 scrolls for https://www.squareyards.com/sale/commercial-properties-for-sale-in-hyderabad
2026-05-28 18:45:21 [INFO] [SY] Found 0 cards from https://www.squareyards.com/sale/commercial-properties-for-sale-in-hyderabad
2026-05-28 18:45:24 [INFO] [SY] After commercial filter: 75/75 listings kept.
2026-05-28 18:45:24 [INFO] [SY] 41 final listings ready.
2026-05-28 18:45:24 [INFO] [C&W] Loading static Cushman & Wakefield listings...
2026-05-28 18:45:24 [INFO] [C&W] 1 listings ready.
2026-05-28 18:45:24 [INFO] Combined: JLL=50, C&W=1, SY=41, Total=85
2026-05-28 18:45:24 [INFO] Excel saved → output\Combined_Hyderabad_offices_20260528_184524.xlsx
2026-05-28 18:45:24 [INFO] CSV   saved → output\Combined_Hyderabad_offices_20260528_184524.csv
2026-05-29 11:24:08 [INFO] [JLL] Target URL: https://property.jll.co.in/search?tenureTypes=rent&propertyTypes=office&cities=Hyderabad&regions=Telangana&sortBy=dateModified
2026-05-29 11:24:11 [INFO] Loading URL (attempt 1): https://property.jll.co.in/search?tenureTypes=rent&propertyTypes=office&cities=Hyderabad&regions=Telangana&sortBy=dateModified
2026-05-29 11:24:18 [INFO] [JLL] Page loaded. Starting scroll...
2026-05-29 11:24:24 [DEBUG] Scroll 1: height=7737px
2026-05-29 11:24:30 [DEBUG] Scroll 2: height=7737px
2026-05-29 11:24:33 [INFO] [JLL] Reached end of page after 3 scrolls.
2026-05-29 11:24:33 [INFO] [JLL] Parsing HTML...
2026-05-29 11:24:33 [INFO] [JLL] Extracted 50 raw listings.
2026-05-29 11:24:35 [INFO] [JLL] Clean listings: 50
2026-05-29 11:24:35 [INFO] [SY] Starting Square Yards Hyderabad commercial scrape...
2026-05-29 11:24:37 [INFO] [SY] Loading: https://www.squareyards.com/sale/office-spaces-for-sale-in-hyderabad
2026-05-29 11:25:16 [INFO] [SY] Scroll done after 5 scrolls for https://www.squareyards.com/sale/office-spaces-for-sale-in-hyderabad
2026-05-29 11:25:16 [INFO] [SY] Found 25 cards from https://www.squareyards.com/sale/office-spaces-for-sale-in-hyderabad
2026-05-29 11:25:21 [DEBUG] [SY] 1/25 Office Space for Sale in Kondapur, Hyderabad → 9,786 Sq. Ft | Kondapur, Hyderabad
2026-05-29 11:25:26 [DEBUG] [SY] 2/25 Office Space for Sale in Financial District, Hyderabad → 3,013 Sq. Ft | Financial District, Hyderabad
2026-05-29 11:25:31 [DEBUG] [SY] 3/25 Office Space for Sale in Hi Tech City, Hyderabad → 9,786 Sq. Ft | Hi Tech City, Hyderabad
2026-05-29 11:25:36 [DEBUG] [SY] 4/25 Office Space for Sale in Financial District, Hyderabad → 3,013 Sq. Ft | Financial District, Hyderabad
2026-05-29 11:25:40 [DEBUG] [SY] 5/25 Office Space for Sale in Nanakramguda, Hyderabad → 3,013 Sq. Ft | Nanakramguda, Hyderabad
2026-05-29 11:25:46 [DEBUG] [SY] 6/25 Office Space for Sale in Banjara Hills, Hyderabad → 2,635 Sq. Ft | Banjara Hills, Hyderabad
2026-05-29 11:25:50 [DEBUG] [SY] 7/25 Office Space for Sale in Kondapur, Hyderabad → 3,013 Sq. Ft | Kondapur, Hyderabad
2026-05-29 11:25:55 [DEBUG] [SY] 8/25 Office Space for Sale in Rai Durg, Hyderabad → 8,001 Sq. Ft | Rai Durg, Hyderabad
2026-05-29 11:26:01 [DEBUG] [SY] 9/25 Office Space for Sale in Kondapur, Hyderabad → 3,013 Sq. Ft | Kondapur, Hyderabad
2026-05-29 11:26:05 [DEBUG] [SY] 10/25 Office Space for Sale in Abids, Hyderabad → 2,635 Sq. Ft | Abids, Hyderabad
2026-05-29 11:26:10 [DEBUG] [SY] 11/25 Office Space for Sale in Jubilee Hills, Hyderabad → 2,635 Sq. Ft | Jubilee Hills, Hyderabad
2026-05-29 11:26:15 [DEBUG] [SY] 12/25 Office Space for Sale in Financial District, Hyderabad → 9,786 Sq. Ft | Financial District, Hyderabad
2026-05-29 11:26:20 [DEBUG] [SY] 13/25 Office Space for Sale in Madhapur, Hyderabad → 9,786 Sq. Ft | Madhapur, Hyderabad
2026-05-29 11:26:24 [DEBUG] [SY] 14/25 Office Space for Sale in Gachibowli, Hyderabad → 9,786 Sq. Ft | Gachibowli, Hyderabad
2026-05-29 11:26:29 [DEBUG] [SY] 15/25 Office Space for Sale in Shivaji Nagar, Hyderabad → 3,571 Sq. Ft | Shivaji Nagar, Hyderabad
2026-05-29 11:26:34 [DEBUG] [SY] 16/25 Office Space for Sale in Nallagandla, Hyderabad → 1,855 Sq. Ft | Nallagandla, Hyderabad
2026-05-29 11:26:39 [DEBUG] [SY] 17/25 Office Space for Sale in Lakdi Ka Pul, Hyderabad → 2,635 Sq. Ft | Lakdi Ka Pul, Hyderabad
2026-05-29 11:26:44 [DEBUG] [SY] 18/25 Office Space for Sale in Hafeezpet, Hyderabad → 3,013 Sq. Ft | Hafeezpet, Hyderabad
2026-05-29 11:26:49 [DEBUG] [SY] 19/25 Office Space for Sale in Ameerpet, Hyderabad → 2,635 Sq. Ft | Ameerpet, Hyderabad
2026-05-29 11:26:53 [DEBUG] [SY] 20/25 Office Space for Sale in Begumpet, Hyderabad → 3,013 Sq. Ft | Begumpet, Hyderabad
2026-05-29 11:26:58 [DEBUG] [SY] 21/25 Office Space for Sale in Jubilee Hills, Hyderabad → 2,635 Sq. Ft | Jubilee Hills, Hyderabad
2026-05-29 11:27:03 [DEBUG] [SY] 22/25 Office Space for Sale in Neknampur, Hyderabad → 3,013 Sq. Ft | Neknampur, Hyderabad
2026-05-29 11:27:08 [DEBUG] [SY] 23/25 Office Space for Sale in Banjara Hills, Hyderabad → 2,635 Sq. Ft | Banjara Hills, Hyderabad
2026-05-29 11:27:13 [DEBUG] [SY] 24/25 Office Space for Sale in Jubilee Hills, Hyderabad → 2,635 Sq. Ft | Jubilee Hills, Hyderabad
2026-05-29 11:27:17 [DEBUG] [SY] 25/25 Office Space for Sale in Hafeezpet, Hyderabad → 3,013 Sq. Ft | Hafeezpet, Hyderabad
2026-05-29 11:27:18 [INFO] [SY] Loading: https://www.squareyards.com/rent/office-spaces-for-rent-in-hyderabad
2026-05-29 11:28:00 [INFO] [SY] Scroll done after 5 scrolls for https://www.squareyards.com/rent/office-spaces-for-rent-in-hyderabad
2026-05-29 11:28:00 [INFO] [SY] Found 25 cards from https://www.squareyards.com/rent/office-spaces-for-rent-in-hyderabad
2026-05-29 11:28:04 [DEBUG] [SY] 1/25 Office Space for Rent in Banjara Hills, Hyderabad → 4,925 Sq. Ft | Banjara Hills, Hyderabad
2026-05-29 11:28:09 [DEBUG] [SY] 2/25 Office Space for Rent in Begumpet, Hyderabad → 1,186 Sq. Ft | Begumpet, Hyderabad
2026-05-29 11:28:13 [DEBUG] [SY] 3/25 Office Space for Rent in Hi Tech City, Hyderabad → 3,200 Sq. Ft | Hi Tech City, Hyderabad
2026-05-29 11:28:18 [DEBUG] [SY] 4/25 Office Space for Rent in Kothaguda, Hyderabad → 2,150 Sq. Ft | Kothaguda, Hyderabad
2026-05-29 11:28:23 [DEBUG] [SY] 5/25 Office Space for Rent in Financial District, Hyderabad → 15,400 Sq. Ft | Financial District, Hyderabad
2026-05-29 11:28:30 [DEBUG] [SY] 6/25 Office Space for Rent in Kondapur, Hyderabad → 8,000 Sq. Ft | Kondapur, Hyderabad
2026-05-29 11:28:35 [DEBUG] [SY] 7/25 Office Space for Rent in Mehdipatnam, Hyderabad → 2,000 Sq. Ft | Mehdipatnam, Hyderabad
2026-05-29 11:28:39 [DEBUG] [SY] 8/25 Office Space for Rent in Somajiguda, Hyderabad → 5,500 Sq. Ft | Somajiguda, Hyderabad
2026-05-29 11:28:44 [DEBUG] [SY] 9/25 Office Space for Rent in Begumpet, Hyderabad → 391 Sq. Ft | Begumpet, Hyderabad
2026-05-29 11:28:49 [DEBUG] [SY] 10/25 Office Space for Rent in Jubilee Hills, Hyderabad → 4,000 Sq. Ft | Jubilee Hills, Hyderabad
2026-05-29 11:28:54 [DEBUG] [SY] 11/25 Office Space for Rent in Banjara Hills, Hyderabad → 37,500 Sq. Ft | Banjara Hills, Hyderabad
2026-05-29 11:28:59 [DEBUG] [SY] 12/25 Office Space for Rent in Gachibowli, Hyderabad → 3,300 Sq. Ft | Gachibowli, Hyderabad
2026-05-29 11:29:04 [DEBUG] [SY] 13/25 Office Space for Rent in Madhapur, Hyderabad → 2,046 Sq. Ft | Madhapur, Hyderabad
2026-05-29 11:29:08 [DEBUG] [SY] 14/25 Office Space for Rent in Madhapur, Hyderabad → 1,000 Sq. Ft | Madhapur, Hyderabad
2026-05-29 11:29:13 [DEBUG] [SY] 15/25 Office Space for Rent in Kokapet, Hyderabad → 3,760 Sq. Ft | Kokapet, Hyderabad
2026-05-29 11:29:18 [DEBUG] [SY] 16/25 Office Space for Rent in Beeramguda, Hyderabad → 1,250 Sq. Ft | Beeramguda, Hyderabad
2026-05-29 11:29:23 [DEBUG] [SY] 17/25 Office Space for Rent in Madhapur, Hyderabad → 2,146 Sq. Ft | Madhapur, Hyderabad
2026-05-29 11:29:28 [DEBUG] [SY] 18/25 Office Space for Rent in Gachibowli, Hyderabad → 2,800 Sq. Ft | Gachibowli, Hyderabad
2026-05-29 11:29:32 [DEBUG] [SY] 19/25 Office Space for Rent in Nanakramguda, Hyderabad → 50,000 Sq. Ft | Nanakramguda, Hyderabad
2026-05-29 11:29:37 [DEBUG] [SY] 20/25 Office Space for Rent in Masjid Banda, Hyderabad → 3,200 Sq. Ft | Masjid Banda, Hyderabad
2026-05-29 11:29:42 [DEBUG] [SY] 21/25 Office Space for Rent in Puppalaguda, Hyderabad → 3,200 Sq. Ft | Puppalaguda, Hyderabad
2026-05-29 11:29:47 [DEBUG] [SY] 22/25 Office Space for Rent in Madhapur, Hyderabad → 3,400 Sq. Ft | Madhapur, Hyderabad
2026-05-29 11:29:52 [DEBUG] [SY] 23/25 Office Space for Rent in Kokapet, Hyderabad → 1,800 Sq. Ft | Kokapet, Hyderabad
2026-05-29 11:29:56 [DEBUG] [SY] 24/25 Office Space for Rent in Khairatabad, Hyderabad → 2,000 Sq. Ft | Khairatabad, Hyderabad
2026-05-29 11:30:01 [DEBUG] [SY] 25/25 Office Space for Rent in Madhapur, Hyderabad → 1,897 Sq. Ft | Madhapur, Hyderabad
2026-05-29 11:30:02 [INFO] [SY] Loading: https://www.squareyards.com/rent/commercial-properties-for-rent-in-hyderabad
2026-05-29 11:30:41 [INFO] [SY] Scroll done after 5 scrolls for https://www.squareyards.com/rent/commercial-properties-for-rent-in-hyderabad
2026-05-29 11:30:41 [INFO] [SY] Found 25 cards from https://www.squareyards.com/rent/commercial-properties-for-rent-in-hyderabad
2026-05-29 11:30:45 [DEBUG] [SY] 1/25 Office Space for Rent in Banjara Hills, Hyderabad → 4,925 Sq. Ft | Banjara Hills, Hyderabad
2026-05-29 11:30:49 [DEBUG] [SY] 2/25 Office Space for Rent in Begumpet, Hyderabad → 1,186 Sq. Ft | Begumpet, Hyderabad
2026-05-29 11:30:54 [DEBUG] [SY] 3/25 Office Space for Rent in Hi Tech City, Hyderabad → 3,200 Sq. Ft | Hi Tech City, Hyderabad
2026-05-29 11:30:58 [DEBUG] [SY] 4/25 Office Space for Rent in Kothaguda, Hyderabad → 2,150 Sq. Ft | Kothaguda, Hyderabad
2026-05-29 11:31:03 [DEBUG] [SY] 5/25 Office Space for Rent in Financial District, Hyderabad → 15,400 Sq. Ft | Financial District, Hyderabad
2026-05-29 11:31:07 [DEBUG] [SY] 6/25 Office Space for Rent in Kondapur, Hyderabad → 8,000 Sq. Ft | Kondapur, Hyderabad
2026-05-29 11:31:12 [DEBUG] [SY] 7/25 Showroom for Rent in Sri Nagar Colony, Hyderabad → 4,500 Sq. Ft | Sri Nagar Colony, Hyderabad
2026-05-29 11:31:17 [DEBUG] [SY] 8/25 Office Space for Rent in Somajiguda, Hyderabad → 5,500 Sq. Ft | Somajiguda, Hyderabad
2026-05-29 11:31:21 [DEBUG] [SY] 9/25 Office Space for Rent in Begumpet, Hyderabad → 391 Sq. Ft | Begumpet, Hyderabad
2026-05-29 11:31:26 [DEBUG] [SY] 10/25 Office Space for Rent in Jubilee Hills, Hyderabad → 4,000 Sq. Ft | Jubilee Hills, Hyderabad
2026-05-29 11:31:30 [DEBUG] [SY] 11/25 Office Space for Rent in Banjara Hills, Hyderabad → 37,500 Sq. Ft | Banjara Hills, Hyderabad
2026-05-29 11:31:35 [DEBUG] [SY] 12/25 Office Space for Rent in Gachibowli, Hyderabad → 3,300 Sq. Ft | Gachibowli, Hyderabad
2026-05-29 11:31:40 [DEBUG] [SY] 13/25 Office Space in IT/SEZ for Rent in Nanakramguda, Hyderabad → 5,000 Sq. Ft | Nanakramguda, Hyderabad
2026-05-29 11:31:45 [DEBUG] [SY] 14/25 Warehouse for Rent in Miyapur, Hyderabad →  | Miyapur, Hyderabad
2026-05-29 11:31:49 [DEBUG] [SY] 15/25 Office Space for Rent in Madhapur, Hyderabad → 2,046 Sq. Ft | Madhapur, Hyderabad
2026-05-29 11:31:54 [DEBUG] [SY] 16/25 Office Space for Rent in Madhapur, Hyderabad → 1,000 Sq. Ft | Madhapur, Hyderabad
2026-05-29 11:31:58 [DEBUG] [SY] 17/25 Office Space for Rent in Kokapet, Hyderabad → 3,760 Sq. Ft | Kokapet, Hyderabad
2026-05-29 11:32:03 [DEBUG] [SY] 18/25 Co-working Space for Rent in Kondapur, Hyderabad → 2,200 Sq. Ft | Kondapur, Hyderabad
2026-05-29 11:32:13 [DEBUG] [SY] 19/25 Showroom for Rent in Nanakramguda, Hyderabad → 2,550 Sq. Ft | Nanakramguda, Hyderabad
2026-05-29 11:32:17 [DEBUG] [SY] 20/25 Office Space for Rent in Beeramguda, Hyderabad → 1,250 Sq. Ft | Beeramguda, Hyderabad
2026-05-29 11:32:22 [DEBUG] [SY] 21/25 Office Space for Rent in Gachibowli, Hyderabad → 2,800 Sq. Ft | Gachibowli, Hyderabad
2026-05-29 11:32:26 [DEBUG] [SY] 22/25 Office Space for Rent in Madhapur, Hyderabad → 2,146 Sq. Ft | Madhapur, Hyderabad
2026-05-29 11:32:31 [DEBUG] [SY] 23/25 Warehouse for Rent in Fatehnagar, Hyderabad → 8,000 Sq. Ft | Fatehnagar, Hyderabad
2026-05-29 11:32:36 [DEBUG] [SY] 24/25 Shop for Rent in Kondapur, Hyderabad → 1,500 Sq. Ft | Kondapur, Hyderabad
2026-05-29 11:32:41 [DEBUG] [SY] 25/25 Warehouse for Rent in Attapur, Hyderabad →  | Attapur, Hyderabad
2026-05-29 11:32:42 [INFO] [SY] Loading: https://www.squareyards.com/sale/commercial-properties-for-sale-in-hyderabad
2026-05-29 11:33:05 [INFO] [SY] Scroll done after 3 scrolls for https://www.squareyards.com/sale/commercial-properties-for-sale-in-hyderabad
2026-05-29 11:33:05 [INFO] [SY] Found 0 cards from https://www.squareyards.com/sale/commercial-properties-for-sale-in-hyderabad
2026-05-29 11:33:08 [INFO] [SY] After commercial filter: 75/75 listings kept.
2026-05-29 11:33:08 [INFO] [SY] 42 final listings ready.
2026-05-29 11:33:08 [INFO] [C&W] Loading static Cushman & Wakefield listings...
2026-05-29 11:33:08 [INFO] [C&W] 1 listings ready.
2026-05-29 11:33:08 [INFO] Combined: JLL=50, C&W=1, SY=42, Total=86
2026-05-29 11:33:08 [INFO] Excel saved → output\Combined_Hyderabad_offices_20260529_113308.xlsx
2026-05-29 11:33:08 [INFO] CSV   saved → output\Combined_Hyderabad_offices_20260529_113308.csv
2026-05-29 11:47:59 [INFO] [JLL] Target URL: https://property.jll.co.in/search?tenureTypes=rent&propertyTypes=office&cities=Hyderabad&regions=Telangana&sortBy=dateModified
2026-05-29 11:48:00 [INFO] Loading URL (attempt 1): https://property.jll.co.in/search?tenureTypes=rent&propertyTypes=office&cities=Hyderabad&regions=Telangana&sortBy=dateModified
2026-05-29 11:48:06 [INFO] [JLL] Page loaded. Starting scroll...
2026-05-29 11:48:12 [DEBUG] Scroll 1: height=7737px
2026-05-29 11:48:18 [DEBUG] Scroll 2: height=7737px
2026-05-29 11:48:21 [INFO] [JLL] Reached end of page after 3 scrolls.
2026-05-29 11:48:21 [INFO] [JLL] Parsing HTML...
2026-05-29 11:48:21 [INFO] [JLL] Extracted 50 raw listings.
2026-05-29 11:48:24 [INFO] [JLL] Clean listings: 50
2026-05-29 11:48:24 [INFO] [SY] Starting Square Yards Hyderabad commercial scrape...
2026-05-29 11:48:25 [INFO] [SY] Loading: https://www.squareyards.com/sale/office-spaces-for-sale-in-hyderabad
2026-05-29 11:49:04 [INFO] [SY] Scroll done after 5 scrolls for https://www.squareyards.com/sale/office-spaces-for-sale-in-hyderabad
2026-05-29 11:49:04 [INFO] [SY] Found 25 cards from https://www.squareyards.com/sale/office-spaces-for-sale-in-hyderabad
2026-05-29 11:49:08 [DEBUG] [SY] 1/25 Office Space for Sale in Kondapur, Hyderabad → 9,786 Sq. Ft | Kondapur, Hyderabad
2026-05-29 11:49:13 [DEBUG] [SY] 2/25 Office Space for Sale in Financial District, Hyderabad → 3,013 Sq. Ft | Financial District, Hyderabad
2026-05-29 11:49:18 [DEBUG] [SY] 3/25 Office Space for Sale in Hi Tech City, Hyderabad → 9,786 Sq. Ft | Hi Tech City, Hyderabad
2026-05-29 11:49:23 [DEBUG] [SY] 4/25 Office Space for Sale in Financial District, Hyderabad → 3,013 Sq. Ft | Financial District, Hyderabad
2026-05-29 11:49:27 [DEBUG] [SY] 5/25 Office Space for Sale in Nanakramguda, Hyderabad → 3,013 Sq. Ft | Nanakramguda, Hyderabad
2026-05-29 11:49:32 [DEBUG] [SY] 6/25 Office Space for Sale in Banjara Hills, Hyderabad → 2,635 Sq. Ft | Banjara Hills, Hyderabad
2026-05-29 11:49:37 [DEBUG] [SY] 7/25 Office Space for Sale in Kondapur, Hyderabad → 3,013 Sq. Ft | Kondapur, Hyderabad
2026-05-29 11:49:41 [DEBUG] [SY] 8/25 Office Space for Sale in Rai Durg, Hyderabad → 8,001 Sq. Ft | Rai Durg, Hyderabad
2026-05-29 11:49:46 [DEBUG] [SY] 9/25 Office Space for Sale in Kondapur, Hyderabad → 3,013 Sq. Ft | Kondapur, Hyderabad
2026-05-29 11:49:51 [DEBUG] [SY] 10/25 Office Space for Sale in Abids, Hyderabad → 2,635 Sq. Ft | Abids, Hyderabad
2026-05-29 11:49:55 [DEBUG] [SY] 11/25 Office Space for Sale in Jubilee Hills, Hyderabad → 2,635 Sq. Ft | Jubilee Hills, Hyderabad
2026-05-29 11:50:00 [DEBUG] [SY] 12/25 Office Space for Sale in Financial District, Hyderabad → 9,786 Sq. Ft | Financial District, Hyderabad
2026-05-29 11:50:05 [DEBUG] [SY] 13/25 Office Space for Sale in Madhapur, Hyderabad → 9,786 Sq. Ft | Madhapur, Hyderabad
2026-05-29 11:50:10 [DEBUG] [SY] 14/25 Office Space for Sale in Gachibowli, Hyderabad → 9,786 Sq. Ft | Gachibowli, Hyderabad
2026-05-29 11:50:15 [DEBUG] [SY] 15/25 Office Space for Sale in Shivaji Nagar, Hyderabad → 3,571 Sq. Ft | Shivaji Nagar, Hyderabad
2026-05-29 11:50:19 [DEBUG] [SY] 16/25 Office Space for Sale in Nallagandla, Hyderabad → 1,855 Sq. Ft | Nallagandla, Hyderabad
2026-05-29 11:50:24 [DEBUG] [SY] 17/25 Office Space for Sale in Lakdi Ka Pul, Hyderabad → 2,635 Sq. Ft | Lakdi Ka Pul, Hyderabad
2026-05-29 11:50:29 [DEBUG] [SY] 18/25 Office Space for Sale in Hafeezpet, Hyderabad → 3,013 Sq. Ft | Hafeezpet, Hyderabad
2026-05-29 11:50:33 [DEBUG] [SY] 19/25 Office Space for Sale in Ameerpet, Hyderabad → 2,635 Sq. Ft | Ameerpet, Hyderabad
2026-05-29 11:50:38 [DEBUG] [SY] 20/25 Office Space for Sale in Begumpet, Hyderabad → 3,013 Sq. Ft | Begumpet, Hyderabad
2026-05-29 11:50:43 [DEBUG] [SY] 21/25 Office Space for Sale in Jubilee Hills, Hyderabad → 2,635 Sq. Ft | Jubilee Hills, Hyderabad
2026-05-29 11:50:48 [DEBUG] [SY] 22/25 Office Space for Sale in Neknampur, Hyderabad → 3,013 Sq. Ft | Neknampur, Hyderabad
2026-05-29 11:50:53 [DEBUG] [SY] 23/25 Office Space for Sale in Banjara Hills, Hyderabad → 2,635 Sq. Ft | Banjara Hills, Hyderabad
2026-05-29 11:50:57 [DEBUG] [SY] 24/25 Office Space for Sale in Jubilee Hills, Hyderabad → 2,635 Sq. Ft | Jubilee Hills, Hyderabad
2026-05-29 11:51:02 [DEBUG] [SY] 25/25 Office Space for Sale in Hafeezpet, Hyderabad → 3,013 Sq. Ft | Hafeezpet, Hyderabad
2026-05-29 11:51:03 [INFO] [SY] Loading: https://www.squareyards.com/rent/office-spaces-for-rent-in-hyderabad
2026-05-29 11:51:45 [INFO] [SY] Scroll done after 5 scrolls for https://www.squareyards.com/rent/office-spaces-for-rent-in-hyderabad
2026-05-29 11:51:46 [INFO] [SY] Found 25 cards from https://www.squareyards.com/rent/office-spaces-for-rent-in-hyderabad
2026-05-29 11:51:49 [DEBUG] [SY] 1/25 Office Space for Rent in Banjara Hills, Hyderabad → 4,925 Sq. Ft | Banjara Hills, Hyderabad
2026-05-29 11:51:54 [DEBUG] [SY] 2/25 Office Space for Rent in Begumpet, Hyderabad → 1,186 Sq. Ft | Begumpet, Hyderabad
2026-05-29 11:51:59 [DEBUG] [SY] 3/25 Office Space for Rent in Hi Tech City, Hyderabad → 3,200 Sq. Ft | Hi Tech City, Hyderabad
2026-05-29 11:52:03 [DEBUG] [SY] 4/25 Office Space for Rent in Kothaguda, Hyderabad → 2,150 Sq. Ft | Kothaguda, Hyderabad
2026-05-29 11:52:08 [DEBUG] [SY] 5/25 Office Space for Rent in Financial District, Hyderabad → 15,400 Sq. Ft | Financial District, Hyderabad
2026-05-29 11:52:13 [DEBUG] [SY] 6/25 Office Space for Rent in Kondapur, Hyderabad → 8,000 Sq. Ft | Kondapur, Hyderabad
2026-05-29 11:52:18 [DEBUG] [SY] 7/25 Office Space for Rent in Mehdipatnam, Hyderabad → 2,000 Sq. Ft | Mehdipatnam, Hyderabad
2026-05-29 11:52:22 [DEBUG] [SY] 8/25 Office Space for Rent in Somajiguda, Hyderabad → 5,500 Sq. Ft | Somajiguda, Hyderabad
2026-05-29 11:52:27 [DEBUG] [SY] 9/25 Office Space for Rent in Begumpet, Hyderabad → 391 Sq. Ft | Begumpet, Hyderabad
2026-05-29 11:52:32 [DEBUG] [SY] 10/25 Office Space for Rent in Jubilee Hills, Hyderabad → 4,000 Sq. Ft | Jubilee Hills, Hyderabad
2026-05-29 11:52:36 [DEBUG] [SY] 11/25 Office Space for Rent in Banjara Hills, Hyderabad → 37,500 Sq. Ft | Banjara Hills, Hyderabad
2026-05-29 11:52:41 [DEBUG] [SY] 12/25 Office Space for Rent in Gachibowli, Hyderabad → 3,300 Sq. Ft | Gachibowli, Hyderabad
2026-05-29 11:52:46 [DEBUG] [SY] 13/25 Office Space for Rent in Madhapur, Hyderabad → 2,046 Sq. Ft | Madhapur, Hyderabad
2026-05-29 11:52:50 [DEBUG] [SY] 14/25 Office Space for Rent in Madhapur, Hyderabad → 1,000 Sq. Ft | Madhapur, Hyderabad
2026-05-29 11:52:55 [DEBUG] [SY] 15/25 Office Space for Rent in Kokapet, Hyderabad → 3,760 Sq. Ft | Kokapet, Hyderabad
2026-05-29 11:53:00 [DEBUG] [SY] 16/25 Office Space for Rent in Beeramguda, Hyderabad → 1,250 Sq. Ft | Beeramguda, Hyderabad
2026-05-29 11:53:04 [DEBUG] [SY] 17/25 Office Space for Rent in Madhapur, Hyderabad → 2,146 Sq. Ft | Madhapur, Hyderabad
2026-05-29 11:53:09 [DEBUG] [SY] 18/25 Office Space for Rent in Gachibowli, Hyderabad → 2,800 Sq. Ft | Gachibowli, Hyderabad
2026-05-29 11:53:14 [DEBUG] [SY] 19/25 Office Space for Rent in Nanakramguda, Hyderabad → 50,000 Sq. Ft | Nanakramguda, Hyderabad
2026-05-29 11:53:18 [DEBUG] [SY] 20/25 Office Space for Rent in Masjid Banda, Hyderabad → 3,200 Sq. Ft | Masjid Banda, Hyderabad
2026-05-29 11:53:23 [DEBUG] [SY] 21/25 Office Space for Rent in Puppalaguda, Hyderabad → 3,200 Sq. Ft | Puppalaguda, Hyderabad
2026-05-29 11:53:27 [DEBUG] [SY] 22/25 Office Space for Rent in Madhapur, Hyderabad → 3,400 Sq. Ft | Madhapur, Hyderabad
2026-05-29 11:53:32 [DEBUG] [SY] 23/25 Office Space for Rent in Kokapet, Hyderabad → 1,800 Sq. Ft | Kokapet, Hyderabad
2026-05-29 11:53:37 [DEBUG] [SY] 24/25 Office Space for Rent in Khairatabad, Hyderabad → 2,000 Sq. Ft | Khairatabad, Hyderabad
2026-05-29 11:53:41 [DEBUG] [SY] 25/25 Office Space for Rent in Madhapur, Hyderabad → 1,897 Sq. Ft | Madhapur, Hyderabad
2026-05-29 11:53:42 [INFO] [SY] Loading: https://www.squareyards.com/rent/commercial-properties-for-rent-in-hyderabad
2026-05-29 11:54:21 [INFO] [SY] Scroll done after 5 scrolls for https://www.squareyards.com/rent/commercial-properties-for-rent-in-hyderabad
2026-05-29 11:54:21 [INFO] [SY] Found 25 cards from https://www.squareyards.com/rent/commercial-properties-for-rent-in-hyderabad
2026-05-29 11:54:25 [DEBUG] [SY] 1/25 Office Space for Rent in Banjara Hills, Hyderabad → 4,925 Sq. Ft | Banjara Hills, Hyderabad
2026-05-29 11:54:30 [DEBUG] [SY] 2/25 Office Space for Rent in Begumpet, Hyderabad → 1,186 Sq. Ft | Begumpet, Hyderabad
2026-05-29 11:54:34 [DEBUG] [SY] 3/25 Office Space for Rent in Hi Tech City, Hyderabad → 3,200 Sq. Ft | Hi Tech City, Hyderabad
2026-05-29 11:54:39 [DEBUG] [SY] 4/25 Office Space for Rent in Kothaguda, Hyderabad → 2,150 Sq. Ft | Kothaguda, Hyderabad
2026-05-29 11:54:43 [DEBUG] [SY] 5/25 Office Space for Rent in Financial District, Hyderabad → 15,400 Sq. Ft | Financial District, Hyderabad
2026-05-29 11:54:48 [DEBUG] [SY] 6/25 Office Space for Rent in Kondapur, Hyderabad → 8,000 Sq. Ft | Kondapur, Hyderabad
2026-05-29 11:54:52 [DEBUG] [SY] 7/25 Showroom for Rent in Sri Nagar Colony, Hyderabad → 4,500 Sq. Ft | Sri Nagar Colony, Hyderabad
2026-05-29 11:54:57 [DEBUG] [SY] 8/25 Office Space for Rent in Somajiguda, Hyderabad → 5,500 Sq. Ft | Somajiguda, Hyderabad
2026-05-29 11:55:02 [DEBUG] [SY] 9/25 Office Space for Rent in Begumpet, Hyderabad → 391 Sq. Ft | Begumpet, Hyderabad
2026-05-29 11:55:06 [DEBUG] [SY] 10/25 Office Space for Rent in Jubilee Hills, Hyderabad → 4,000 Sq. Ft | Jubilee Hills, Hyderabad
2026-05-29 11:55:11 [DEBUG] [SY] 11/25 Office Space for Rent in Banjara Hills, Hyderabad → 37,500 Sq. Ft | Banjara Hills, Hyderabad
2026-05-29 11:55:15 [DEBUG] [SY] 12/25 Office Space for Rent in Gachibowli, Hyderabad → 3,300 Sq. Ft | Gachibowli, Hyderabad
2026-05-29 11:55:20 [DEBUG] [SY] 13/25 Office Space in IT/SEZ for Rent in Nanakramguda, Hyderabad → 5,000 Sq. Ft | Nanakramguda, Hyderabad
2026-05-29 11:55:25 [DEBUG] [SY] 14/25 Warehouse for Rent in Miyapur, Hyderabad →  | Miyapur, Hyderabad
2026-05-29 11:55:30 [DEBUG] [SY] 15/25 Office Space for Rent in Madhapur, Hyderabad → 2,046 Sq. Ft | Madhapur, Hyderabad
2026-05-29 11:55:34 [DEBUG] [SY] 16/25 Office Space for Rent in Madhapur, Hyderabad → 1,000 Sq. Ft | Madhapur, Hyderabad
2026-05-29 11:55:39 [DEBUG] [SY] 17/25 Office Space for Rent in Kokapet, Hyderabad → 3,760 Sq. Ft | Kokapet, Hyderabad
2026-05-29 11:55:43 [DEBUG] [SY] 18/25 Co-working Space for Rent in Kondapur, Hyderabad → 2,200 Sq. Ft | Kondapur, Hyderabad
2026-05-29 11:55:48 [DEBUG] [SY] 19/25 Showroom for Rent in Nanakramguda, Hyderabad → 2,550 Sq. Ft | Nanakramguda, Hyderabad
2026-05-29 11:55:54 [DEBUG] [SY] 20/25 Office Space for Rent in Beeramguda, Hyderabad → 1,250 Sq. Ft | Beeramguda, Hyderabad
2026-05-29 11:55:59 [DEBUG] [SY] 21/25 Office Space for Rent in Gachibowli, Hyderabad → 2,800 Sq. Ft | Gachibowli, Hyderabad
2026-05-29 11:56:03 [DEBUG] [SY] 22/25 Office Space for Rent in Madhapur, Hyderabad → 2,146 Sq. Ft | Madhapur, Hyderabad
2026-05-29 11:56:08 [DEBUG] [SY] 23/25 Warehouse for Rent in Fatehnagar, Hyderabad → 8,000 Sq. Ft | Fatehnagar, Hyderabad
2026-05-29 11:56:13 [DEBUG] [SY] 24/25 Shop for Rent in Kondapur, Hyderabad → 1,500 Sq. Ft | Kondapur, Hyderabad
2026-05-29 11:56:18 [DEBUG] [SY] 25/25 Warehouse for Rent in Attapur, Hyderabad →  | Attapur, Hyderabad
2026-05-29 11:56:19 [INFO] [SY] Loading: https://www.squareyards.com/sale/commercial-properties-for-sale-in-hyderabad
2026-05-29 11:56:43 [INFO] [SY] Scroll done after 3 scrolls for https://www.squareyards.com/sale/commercial-properties-for-sale-in-hyderabad
2026-05-29 11:56:43 [INFO] [SY] Found 0 cards from https://www.squareyards.com/sale/commercial-properties-for-sale-in-hyderabad
2026-05-29 11:56:45 [INFO] [SY] After commercial filter: 75/75 listings kept.
2026-05-29 11:56:45 [INFO] [SY] 42 final listings ready.
2026-05-29 11:56:45 [INFO] [C&W] Loading static Cushman & Wakefield listings...
2026-05-29 11:56:45 [INFO] [C&W] 1 listings ready.
2026-05-29 11:56:45 [INFO] Combined: JLL=50, C&W=1, SY=42, Total=86
2026-05-29 11:56:45 [INFO] Excel saved → output\Combined_Hyderabad_offices_20260529_115645.xlsx
2026-05-29 11:56:45 [INFO] CSV   saved → output\Combined_Hyderabad_offices_20260529_115645.csv
2026-05-29 12:17:45 [INFO] [CBRE] Starting CBRE Hyderabad commercial office rentals scrape...
2026-05-29 12:17:47 [INFO] [CBRE] 23 listings successfully parsed.
2026-05-29 12:18:03 [INFO] [JLL] Target URL: https://property.jll.co.in/search?tenureTypes=rent&propertyTypes=office&cities=Hyderabad&regions=Telangana&sortBy=dateModified
2026-05-29 12:18:04 [INFO] Loading URL (attempt 1): https://property.jll.co.in/search?tenureTypes=rent&propertyTypes=office&cities=Hyderabad&regions=Telangana&sortBy=dateModified
2026-05-29 12:18:10 [INFO] [JLL] Page loaded. Starting scroll...
2026-05-29 12:18:16 [DEBUG] Scroll 1: height=7737px
2026-05-29 12:18:22 [DEBUG] Scroll 2: height=7737px
2026-05-29 12:18:22 [INFO] [JLL] Parsing HTML...
2026-05-29 12:18:23 [INFO] [JLL] Extracted 50 raw listings.
2026-05-29 12:18:25 [INFO] [JLL] Clean listings: 50
2026-05-29 12:18:25 [INFO] [SY] Starting Square Yards Hyderabad commercial scrape...
2026-05-29 12:18:26 [INFO] [SY] Loading: https://www.squareyards.com/sale/office-spaces-for-sale-in-hyderabad
2026-05-29 12:19:05 [INFO] [SY] Scroll done after 5 scrolls for https://www.squareyards.com/sale/office-spaces-for-sale-in-hyderabad
2026-05-29 12:19:06 [INFO] [SY] Found 25 cards from https://www.squareyards.com/sale/office-spaces-for-sale-in-hyderabad
2026-05-29 12:19:10 [DEBUG] [SY] 1/25 Office Space for Sale in Kondapur, Hyderabad → 9,786 Sq. Ft | Kondapur, Hyderabad
2026-05-29 12:19:15 [DEBUG] [SY] 2/25 Office Space for Sale in Financial District, Hyderabad → 3,013 Sq. Ft | Financial District, Hyderabad
2026-05-29 12:19:19 [DEBUG] [SY] 3/25 Office Space for Sale in Hi Tech City, Hyderabad → 9,786 Sq. Ft | Hi Tech City, Hyderabad
2026-05-29 12:19:24 [DEBUG] [SY] 4/25 Office Space for Sale in Financial District, Hyderabad → 3,013 Sq. Ft | Financial District, Hyderabad
2026-05-29 12:19:28 [DEBUG] [SY] 5/25 Office Space for Sale in Nanakramguda, Hyderabad → 3,013 Sq. Ft | Nanakramguda, Hyderabad
2026-05-29 12:19:33 [DEBUG] [SY] 6/25 Office Space for Sale in Banjara Hills, Hyderabad → 2,635 Sq. Ft | Banjara Hills, Hyderabad
2026-05-29 12:19:38 [DEBUG] [SY] 7/25 Office Space for Sale in Kondapur, Hyderabad → 3,013 Sq. Ft | Kondapur, Hyderabad
2026-05-29 12:19:42 [DEBUG] [SY] 8/25 Office Space for Sale in Rai Durg, Hyderabad → 8,001 Sq. Ft | Rai Durg, Hyderabad
2026-05-29 12:19:47 [DEBUG] [SY] 9/25 Office Space for Sale in Kondapur, Hyderabad → 3,013 Sq. Ft | Kondapur, Hyderabad
2026-05-29 12:19:52 [DEBUG] [SY] 10/25 Office Space for Sale in Abids, Hyderabad → 2,635 Sq. Ft | Abids, Hyderabad
2026-05-29 12:19:57 [DEBUG] [SY] 11/25 Office Space for Sale in Jubilee Hills, Hyderabad → 2,635 Sq. Ft | Jubilee Hills, Hyderabad
2026-05-29 12:20:01 [DEBUG] [SY] 12/25 Office Space for Sale in Financial District, Hyderabad → 9,786 Sq. Ft | Financial District, Hyderabad
2026-05-29 12:20:06 [DEBUG] [SY] 13/25 Office Space for Sale in Madhapur, Hyderabad → 9,786 Sq. Ft | Madhapur, Hyderabad
2026-05-29 12:20:11 [DEBUG] [SY] 14/25 Office Space for Sale in Gachibowli, Hyderabad → 9,786 Sq. Ft | Gachibowli, Hyderabad
2026-05-29 12:20:15 [DEBUG] [SY] 15/25 Office Space for Sale in Shivaji Nagar, Hyderabad → 3,571 Sq. Ft | Shivaji Nagar, Hyderabad
2026-05-29 12:20:20 [DEBUG] [SY] 16/25 Office Space for Sale in Nallagandla, Hyderabad → 1,855 Sq. Ft | Nallagandla, Hyderabad
2026-05-29 12:20:25 [DEBUG] [SY] 17/25 Office Space for Sale in Lakdi Ka Pul, Hyderabad → 2,635 Sq. Ft | Lakdi Ka Pul, Hyderabad
2026-05-29 12:20:29 [DEBUG] [SY] 18/25 Office Space for Sale in Hafeezpet, Hyderabad → 3,013 Sq. Ft | Hafeezpet, Hyderabad
2026-05-29 12:20:34 [DEBUG] [SY] 19/25 Office Space for Sale in Ameerpet, Hyderabad → 2,635 Sq. Ft | Ameerpet, Hyderabad
2026-05-29 12:20:39 [DEBUG] [SY] 20/25 Office Space for Sale in Begumpet, Hyderabad → 3,013 Sq. Ft | Begumpet, Hyderabad
2026-05-29 12:20:43 [DEBUG] [SY] 21/25 Office Space for Sale in Jubilee Hills, Hyderabad → 2,635 Sq. Ft | Jubilee Hills, Hyderabad
2026-05-29 12:20:48 [DEBUG] [SY] 22/25 Office Space for Sale in Neknampur, Hyderabad → 3,013 Sq. Ft | Neknampur, Hyderabad
2026-05-29 12:20:53 [DEBUG] [SY] 23/25 Office Space for Sale in Banjara Hills, Hyderabad → 2,635 Sq. Ft | Banjara Hills, Hyderabad
2026-05-29 12:20:58 [DEBUG] [SY] 24/25 Office Space for Sale in Jubilee Hills, Hyderabad → 2,635 Sq. Ft | Jubilee Hills, Hyderabad
2026-05-29 12:21:02 [DEBUG] [SY] 25/25 Office Space for Sale in Hafeezpet, Hyderabad → 3,013 Sq. Ft | Hafeezpet, Hyderabad
2026-05-29 12:21:03 [INFO] [SY] Loading: https://www.squareyards.com/rent/office-spaces-for-rent-in-hyderabad
2026-05-29 12:21:46 [INFO] [SY] Scroll done after 5 scrolls for https://www.squareyards.com/rent/office-spaces-for-rent-in-hyderabad
2026-05-29 12:21:46 [INFO] [SY] Found 25 cards from https://www.squareyards.com/rent/office-spaces-for-rent-in-hyderabad
2026-05-29 12:21:50 [DEBUG] [SY] 1/25 Office Space for Rent in Banjara Hills, Hyderabad → 4,925 Sq. Ft | Banjara Hills, Hyderabad
2026-05-29 12:21:55 [DEBUG] [SY] 2/25 Office Space for Rent in Begumpet, Hyderabad → 1,186 Sq. Ft | Begumpet, Hyderabad
2026-05-29 12:21:59 [DEBUG] [SY] 3/25 Office Space for Rent in Hi Tech City, Hyderabad → 3,200 Sq. Ft | Hi Tech City, Hyderabad
2026-05-29 12:22:04 [DEBUG] [SY] 4/25 Office Space for Rent in Kothaguda, Hyderabad → 2,150 Sq. Ft | Kothaguda, Hyderabad
2026-05-29 12:22:10 [DEBUG] [SY] 5/25 Office Space for Rent in Madhapur, Hyderabad → 10,500 Sq. Ft | Madhapur, Hyderabad
2026-05-29 12:22:15 [DEBUG] [SY] 6/25 Office Space for Rent in Kondapur, Hyderabad → 8,000 Sq. Ft | Kondapur, Hyderabad
2026-05-29 12:22:20 [DEBUG] [SY] 7/25 Office Space for Rent in Mehdipatnam, Hyderabad → 2,000 Sq. Ft | Mehdipatnam, Hyderabad
2026-05-29 12:22:25 [DEBUG] [SY] 8/25 Office Space for Rent in Somajiguda, Hyderabad → 5,500 Sq. Ft | Somajiguda, Hyderabad
2026-05-29 12:22:30 [DEBUG] [SY] 9/25 Office Space for Rent in Kondapur, Hyderabad → 625 Sq. Ft | Kondapur, Hyderabad
2026-05-29 12:22:35 [DEBUG] [SY] 10/25 Office Space for Rent in Jubilee Hills, Hyderabad → 4,000 Sq. Ft | Jubilee Hills, Hyderabad
2026-05-29 12:22:40 [DEBUG] [SY] 11/25 Office Space for Rent in Banjara Hills, Hyderabad → 37,500 Sq. Ft | Banjara Hills, Hyderabad
2026-05-29 12:22:45 [DEBUG] [SY] 12/25 Office Space for Rent in Gachibowli, Hyderabad → 3,300 Sq. Ft | Gachibowli, Hyderabad
2026-05-29 12:22:49 [DEBUG] [SY] 13/25 Office Space for Rent in Madhapur, Hyderabad → 2,046 Sq. Ft | Madhapur, Hyderabad
2026-05-29 12:22:54 [DEBUG] [SY] 14/25 Office Space for Rent in Madhapur, Hyderabad → 1,000 Sq. Ft | Madhapur, Hyderabad
2026-05-29 12:23:00 [DEBUG] [SY] 15/25 Office Space for Rent in Kokapet, Hyderabad → 3,760 Sq. Ft | Kokapet, Hyderabad
2026-05-29 12:23:05 [DEBUG] [SY] 16/25 Office Space for Rent in Beeramguda, Hyderabad → 1,250 Sq. Ft | Beeramguda, Hyderabad
2026-05-29 12:23:09 [DEBUG] [SY] 17/25 Office Space for Rent in Madhapur, Hyderabad → 2,146 Sq. Ft | Madhapur, Hyderabad
2026-05-29 12:23:14 [DEBUG] [SY] 18/25 Office Space for Rent in Gachibowli, Hyderabad → 2,800 Sq. Ft | Gachibowli, Hyderabad
2026-05-29 12:23:19 [DEBUG] [SY] 19/25 Office Space for Rent in Nanakramguda, Hyderabad → 50,000 Sq. Ft | Nanakramguda, Hyderabad
2026-05-29 12:23:24 [DEBUG] [SY] 20/25 Office Space for Rent in Masjid Banda, Hyderabad → 3,200 Sq. Ft | Masjid Banda, Hyderabad
2026-05-29 12:23:29 [DEBUG] [SY] 21/25 Office Space for Rent in Puppalaguda, Hyderabad → 3,200 Sq. Ft | Puppalaguda, Hyderabad
2026-05-29 12:23:34 [DEBUG] [SY] 22/25 Office Space for Rent in Madhapur, Hyderabad → 3,400 Sq. Ft | Madhapur, Hyderabad
2026-05-29 12:23:38 [DEBUG] [SY] 23/25 Office Space for Rent in Kokapet, Hyderabad → 1,800 Sq. Ft | Kokapet, Hyderabad
2026-05-29 12:23:43 [DEBUG] [SY] 24/25 Office Space for Rent in Khairatabad, Hyderabad → 2,000 Sq. Ft | Khairatabad, Hyderabad
2026-05-29 12:23:48 [INFO] [JLL] Target URL: https://property.jll.co.in/search?tenureTypes=rent&propertyTypes=office&cities=Hyderabad&regions=Telangana&sortBy=dateModified
2026-05-29 12:23:49 [DEBUG] [SY] 25/25 Office Space for Rent in Madhapur, Hyderabad → 1,897 Sq. Ft | Madhapur, Hyderabad
2026-05-29 12:23:50 [INFO] [SY] Loading: https://www.squareyards.com/rent/commercial-properties-for-rent-in-hyderabad
2026-05-29 12:23:50 [INFO] Loading URL (attempt 1): https://property.jll.co.in/search?tenureTypes=rent&propertyTypes=office&cities=Hyderabad&regions=Telangana&sortBy=dateModified
2026-05-29 12:23:57 [INFO] [JLL] Page loaded. Starting scroll...
2026-05-29 12:24:03 [DEBUG] Scroll 1: height=7737px
2026-05-29 12:24:09 [DEBUG] Scroll 2: height=7737px
2026-05-29 12:24:12 [INFO] [JLL] Reached end of page after 3 scrolls.
2026-05-29 12:24:12 [INFO] [JLL] Parsing HTML...
2026-05-29 12:24:13 [INFO] [JLL] Extracted 50 raw listings.
2026-05-29 12:24:15 [INFO] [JLL] Clean listings: 50
2026-05-29 12:24:15 [INFO] [SY] Starting Square Yards Hyderabad commercial scrape...
2026-05-29 12:24:17 [INFO] [SY] Loading: https://www.squareyards.com/sale/office-spaces-for-sale-in-hyderabad
2026-05-29 12:24:29 [INFO] [SY] Scroll done after 5 scrolls for https://www.squareyards.com/rent/commercial-properties-for-rent-in-hyderabad
2026-05-29 12:24:29 [INFO] [SY] Found 25 cards from https://www.squareyards.com/rent/commercial-properties-for-rent-in-hyderabad
2026-05-29 12:24:33 [DEBUG] [SY] 1/25 Office Space for Rent in Banjara Hills, Hyderabad → 4,925 Sq. Ft | Banjara Hills, Hyderabad
2026-05-29 12:24:38 [DEBUG] [SY] 2/25 Office Space for Rent in Begumpet, Hyderabad → 1,186 Sq. Ft | Begumpet, Hyderabad
2026-05-29 12:24:43 [DEBUG] [SY] 3/25 Office Space for Rent in Hi Tech City, Hyderabad → 3,200 Sq. Ft | Hi Tech City, Hyderabad
2026-05-29 12:24:47 [DEBUG] [SY] 4/25 Office Space for Rent in Kothaguda, Hyderabad → 2,150 Sq. Ft | Kothaguda, Hyderabad
2026-05-29 12:24:52 [DEBUG] [SY] 5/25 Office Space for Rent in Financial District, Hyderabad → 15,400 Sq. Ft | Financial District, Hyderabad
2026-05-29 12:24:56 [INFO] [SY] Scroll done after 5 scrolls for https://www.squareyards.com/sale/office-spaces-for-sale-in-hyderabad
2026-05-29 12:24:56 [INFO] [SY] Found 25 cards from https://www.squareyards.com/sale/office-spaces-for-sale-in-hyderabad
2026-05-29 12:24:57 [DEBUG] [SY] 6/25 Office Space for Rent in Kondapur, Hyderabad → 8,000 Sq. Ft | Kondapur, Hyderabad
2026-05-29 12:25:00 [DEBUG] [SY] 1/25 Office Space for Sale in Kondapur, Hyderabad → 9,786 Sq. Ft | Kondapur, Hyderabad
2026-05-29 12:25:02 [DEBUG] [SY] 7/25 Showroom for Rent in Sri Nagar Colony, Hyderabad → 4,500 Sq. Ft | Sri Nagar Colony, Hyderabad
2026-05-29 12:25:05 [DEBUG] [SY] 2/25 Office Space for Sale in Financial District, Hyderabad → 3,013 Sq. Ft | Financial District, Hyderabad
2026-05-29 12:25:07 [DEBUG] [SY] 8/25 Office Space for Rent in Somajiguda, Hyderabad → 5,500 Sq. Ft | Somajiguda, Hyderabad
2026-05-29 12:25:10 [DEBUG] [SY] 3/25 Office Space for Sale in Hi Tech City, Hyderabad → 9,786 Sq. Ft | Hi Tech City, Hyderabad
2026-05-29 12:25:12 [DEBUG] [SY] 9/25 Office Space for Rent in Begumpet, Hyderabad → 391 Sq. Ft | Begumpet, Hyderabad
2026-05-29 12:25:15 [DEBUG] [SY] 4/25 Office Space for Sale in Financial District, Hyderabad → 3,013 Sq. Ft | Financial District, Hyderabad
2026-05-29 12:25:17 [DEBUG] [SY] 10/25 Office Space for Rent in Jubilee Hills, Hyderabad → 4,000 Sq. Ft | Jubilee Hills, Hyderabad
2026-05-29 12:25:19 [DEBUG] [SY] 5/25 Office Space for Sale in Nanakramguda, Hyderabad → 3,013 Sq. Ft | Nanakramguda, Hyderabad
2026-05-29 12:25:22 [DEBUG] [SY] 11/25 Office Space for Rent in Banjara Hills, Hyderabad → 37,500 Sq. Ft | Banjara Hills, Hyderabad
2026-05-29 12:25:24 [DEBUG] [SY] 6/25 Office Space for Sale in Banjara Hills, Hyderabad → 2,635 Sq. Ft | Banjara Hills, Hyderabad
2026-05-29 12:25:26 [DEBUG] [SY] 12/25 Office Space for Rent in Gachibowli, Hyderabad → 3,300 Sq. Ft | Gachibowli, Hyderabad
2026-05-29 12:25:29 [DEBUG] [SY] 7/25 Office Space for Sale in Kondapur, Hyderabad → 3,013 Sq. Ft | Kondapur, Hyderabad
2026-05-29 12:25:31 [DEBUG] [SY] 13/25 Office Space in IT/SEZ for Rent in Nanakramguda, Hyderabad → 5,000 Sq. Ft | Nanakramguda, Hyderabad
2026-05-29 12:25:34 [DEBUG] [SY] 8/25 Office Space for Sale in Rai Durg, Hyderabad → 8,001 Sq. Ft | Rai Durg, Hyderabad
2026-05-29 12:25:36 [DEBUG] [SY] 14/25 Warehouse for Rent in Miyapur, Hyderabad →  | Miyapur, Hyderabad
2026-05-29 12:25:39 [DEBUG] [SY] 9/25 Office Space for Sale in Kondapur, Hyderabad → 3,013 Sq. Ft | Kondapur, Hyderabad
2026-05-29 12:25:41 [DEBUG] [SY] 15/25 Office Space for Rent in Madhapur, Hyderabad → 2,046 Sq. Ft | Madhapur, Hyderabad
2026-05-29 12:25:44 [DEBUG] [SY] 10/25 Office Space for Sale in Abids, Hyderabad → 2,635 Sq. Ft | Abids, Hyderabad
2026-05-29 12:25:46 [DEBUG] [SY] 16/25 Office Space for Rent in Madhapur, Hyderabad → 1,000 Sq. Ft | Madhapur, Hyderabad
2026-05-29 12:25:49 [DEBUG] [SY] 11/25 Office Space for Sale in Jubilee Hills, Hyderabad → 2,635 Sq. Ft | Jubilee Hills, Hyderabad
2026-05-29 12:25:51 [DEBUG] [SY] 17/25 Office Space for Rent in Kokapet, Hyderabad → 3,760 Sq. Ft | Kokapet, Hyderabad
2026-05-29 12:25:54 [DEBUG] [SY] 12/25 Office Space for Sale in Financial District, Hyderabad → 9,786 Sq. Ft | Financial District, Hyderabad
2026-05-29 12:25:56 [DEBUG] [SY] 18/25 Co-working Space for Rent in Kondapur, Hyderabad → 2,200 Sq. Ft | Kondapur, Hyderabad
2026-05-29 12:25:59 [DEBUG] [SY] 13/25 Office Space for Sale in Madhapur, Hyderabad → 9,786 Sq. Ft | Madhapur, Hyderabad
2026-05-29 12:26:02 [DEBUG] [SY] 19/25 Showroom for Rent in Nanakramguda, Hyderabad → 2,550 Sq. Ft | Nanakramguda, Hyderabad
2026-05-29 12:26:04 [DEBUG] [SY] 14/25 Office Space for Sale in Gachibowli, Hyderabad → 9,786 Sq. Ft | Gachibowli, Hyderabad
2026-05-29 12:26:06 [DEBUG] [SY] 20/25 Office Space for Rent in Beeramguda, Hyderabad → 1,250 Sq. Ft | Beeramguda, Hyderabad
2026-05-29 12:26:09 [DEBUG] [SY] 15/25 Office Space for Sale in Shivaji Nagar, Hyderabad → 3,571 Sq. Ft | Shivaji Nagar, Hyderabad
2026-05-29 12:26:11 [DEBUG] [SY] 21/25 Office Space for Rent in Gachibowli, Hyderabad → 2,800 Sq. Ft | Gachibowli, Hyderabad
2026-05-29 12:26:14 [DEBUG] [SY] 16/25 Office Space for Sale in Nallagandla, Hyderabad → 1,855 Sq. Ft | Nallagandla, Hyderabad
2026-05-29 12:26:17 [DEBUG] [SY] 22/25 Office Space for Rent in Madhapur, Hyderabad → 2,146 Sq. Ft | Madhapur, Hyderabad
2026-05-29 12:26:19 [DEBUG] [SY] 17/25 Office Space for Sale in Lakdi Ka Pul, Hyderabad → 2,635 Sq. Ft | Lakdi Ka Pul, Hyderabad
2026-05-29 12:26:22 [DEBUG] [SY] 23/25 Warehouse for Rent in Fatehnagar, Hyderabad → 8,000 Sq. Ft | Fatehnagar, Hyderabad
2026-05-29 12:26:24 [DEBUG] [SY] 18/25 Office Space for Sale in Hafeezpet, Hyderabad → 3,013 Sq. Ft | Hafeezpet, Hyderabad
2026-05-29 12:26:26 [DEBUG] [SY] 24/25 Shop for Rent in Kondapur, Hyderabad → 1,500 Sq. Ft | Kondapur, Hyderabad
2026-05-29 12:26:29 [DEBUG] [SY] 19/25 Office Space for Sale in Ameerpet, Hyderabad → 2,635 Sq. Ft | Ameerpet, Hyderabad
2026-05-29 12:26:32 [DEBUG] [SY] 25/25 Warehouse for Rent in Attapur, Hyderabad →  | Attapur, Hyderabad
2026-05-29 12:26:33 [INFO] [SY] Loading: https://www.squareyards.com/sale/commercial-properties-for-sale-in-hyderabad
2026-05-29 12:26:34 [DEBUG] [SY] 20/25 Office Space for Sale in Begumpet, Hyderabad → 3,013 Sq. Ft | Begumpet, Hyderabad
2026-05-29 12:26:38 [DEBUG] [SY] 21/25 Office Space for Sale in Jubilee Hills, Hyderabad → 2,635 Sq. Ft | Jubilee Hills, Hyderabad
2026-05-29 12:26:43 [DEBUG] [SY] 22/25 Office Space for Sale in Neknampur, Hyderabad → 3,013 Sq. Ft | Neknampur, Hyderabad
2026-05-29 12:26:48 [DEBUG] [SY] 23/25 Office Space for Sale in Banjara Hills, Hyderabad → 2,635 Sq. Ft | Banjara Hills, Hyderabad
2026-05-29 12:26:52 [DEBUG] [SY] 24/25 Office Space for Sale in Jubilee Hills, Hyderabad → 2,635 Sq. Ft | Jubilee Hills, Hyderabad
2026-05-29 12:26:56 [INFO] [SY] Scroll done after 3 scrolls for https://www.squareyards.com/sale/commercial-properties-for-sale-in-hyderabad
2026-05-29 12:26:56 [INFO] [SY] Found 0 cards from https://www.squareyards.com/sale/commercial-properties-for-sale-in-hyderabad
2026-05-29 12:26:57 [DEBUG] [SY] 25/25 Office Space for Sale in Hafeezpet, Hyderabad → 3,013 Sq. Ft | Hafeezpet, Hyderabad
2026-05-29 12:26:58 [INFO] [SY] Loading: https://www.squareyards.com/rent/office-spaces-for-rent-in-hyderabad
2026-05-29 12:26:58 [INFO] [SY] After commercial filter: 75/75 listings kept.
2026-05-29 12:26:58 [INFO] [SY] 42 final listings ready.
2026-05-29 12:26:58 [INFO] [CBRE] Starting CBRE Hyderabad commercial office rentals scrape...
2026-05-29 12:27:00 [INFO] [CBRE] 23 listings successfully parsed.
2026-05-29 12:27:00 [INFO] [C&W] Loading static Cushman & Wakefield listings...
2026-05-29 12:27:00 [INFO] [C&W] 1 listings ready.
2026-05-29 12:27:00 [INFO] Combined: JLL=50, C&W=1, SY=42, CBRE=23, Total=107
2026-05-29 12:27:01 [INFO] Excel saved → output\Combined_Hyderabad_offices_20260529_122700.xlsx
2026-05-29 12:27:01 [INFO] CSV   saved → output\Combined_Hyderabad_offices_20260529_122701.csv
2026-05-29 12:27:41 [INFO] [SY] Scroll done after 5 scrolls for https://www.squareyards.com/rent/office-spaces-for-rent-in-hyderabad
2026-05-29 12:27:41 [INFO] [SY] Found 25 cards from https://www.squareyards.com/rent/office-spaces-for-rent-in-hyderabad
2026-05-29 12:27:45 [DEBUG] [SY] 1/25 Office Space for Rent in Banjara Hills, Hyderabad → 4,925 Sq. Ft | Banjara Hills, Hyderabad
2026-05-29 12:27:50 [DEBUG] [SY] 2/25 Office Space for Rent in Begumpet, Hyderabad → 1,186 Sq. Ft | Begumpet, Hyderabad
2026-05-29 12:27:55 [DEBUG] [SY] 3/25 Office Space for Rent in Hi Tech City, Hyderabad → 3,200 Sq. Ft | Hi Tech City, Hyderabad
2026-05-29 12:27:59 [DEBUG] [SY] 4/25 Office Space for Rent in Kothaguda, Hyderabad → 2,150 Sq. Ft | Kothaguda, Hyderabad
2026-05-29 12:28:04 [DEBUG] [SY] 5/25 Office Space for Rent in Madhapur, Hyderabad → 10,500 Sq. Ft | Madhapur, Hyderabad
2026-05-29 12:28:10 [DEBUG] [SY] 6/25 Office Space for Rent in Kondapur, Hyderabad → 8,000 Sq. Ft | Kondapur, Hyderabad
2026-05-29 12:28:15 [DEBUG] [SY] 7/25 Office Space for Rent in Mehdipatnam, Hyderabad → 2,000 Sq. Ft | Mehdipatnam, Hyderabad
2026-05-29 12:28:19 [DEBUG] [SY] 8/25 Office Space for Rent in Somajiguda, Hyderabad → 5,500 Sq. Ft | Somajiguda, Hyderabad
2026-05-29 12:28:24 [DEBUG] [SY] 9/25 Office Space for Rent in Kondapur, Hyderabad → 625 Sq. Ft | Kondapur, Hyderabad
2026-05-29 12:28:30 [DEBUG] [SY] 10/25 Office Space for Rent in Jubilee Hills, Hyderabad → 4,000 Sq. Ft | Jubilee Hills, Hyderabad
2026-05-29 12:28:35 [DEBUG] [SY] 11/25 Office Space for Rent in Banjara Hills, Hyderabad → 37,500 Sq. Ft | Banjara Hills, Hyderabad
2026-05-29 12:28:40 [DEBUG] [SY] 12/25 Office Space for Rent in Gachibowli, Hyderabad → 3,300 Sq. Ft | Gachibowli, Hyderabad
2026-05-29 12:28:44 [DEBUG] [SY] 13/25 Office Space for Rent in Madhapur, Hyderabad → 2,046 Sq. Ft | Madhapur, Hyderabad
2026-05-29 12:28:49 [DEBUG] [SY] 14/25 Office Space for Rent in Madhapur, Hyderabad → 1,000 Sq. Ft | Madhapur, Hyderabad
2026-05-29 12:28:54 [DEBUG] [SY] 15/25 Office Space for Rent in Kokapet, Hyderabad → 3,760 Sq. Ft | Kokapet, Hyderabad
2026-05-29 12:28:59 [DEBUG] [SY] 16/25 Office Space for Rent in Beeramguda, Hyderabad → 1,250 Sq. Ft | Beeramguda, Hyderabad
2026-05-29 12:29:04 [DEBUG] [SY] 17/25 Office Space for Rent in Madhapur, Hyderabad → 2,146 Sq. Ft | Madhapur, Hyderabad
2026-05-29 12:29:09 [DEBUG] [SY] 18/25 Office Space for Rent in Gachibowli, Hyderabad → 2,800 Sq. Ft | Gachibowli, Hyderabad
2026-05-29 12:29:14 [DEBUG] [SY] 19/25 Office Space for Rent in Nanakramguda, Hyderabad → 50,000 Sq. Ft | Nanakramguda, Hyderabad
2026-05-29 12:29:18 [DEBUG] [SY] 20/25 Office Space for Rent in Masjid Banda, Hyderabad → 3,200 Sq. Ft | Masjid Banda, Hyderabad
2026-05-29 12:29:23 [DEBUG] [SY] 21/25 Office Space for Rent in Puppalaguda, Hyderabad → 3,200 Sq. Ft | Puppalaguda, Hyderabad
2026-05-29 12:29:28 [DEBUG] [SY] 22/25 Office Space for Rent in Madhapur, Hyderabad → 3,400 Sq. Ft | Madhapur, Hyderabad
2026-05-29 12:29:33 [DEBUG] [SY] 23/25 Office Space for Rent in Kokapet, Hyderabad → 1,800 Sq. Ft | Kokapet, Hyderabad
2026-05-29 12:29:37 [DEBUG] [SY] 24/25 Office Space for Rent in Khairatabad, Hyderabad → 2,000 Sq. Ft | Khairatabad, Hyderabad
2026-05-29 12:29:42 [DEBUG] [SY] 25/25 Office Space for Rent in Madhapur, Hyderabad → 1,897 Sq. Ft | Madhapur, Hyderabad
2026-05-29 12:29:43 [INFO] [SY] Loading: https://www.squareyards.com/rent/commercial-properties-for-rent-in-hyderabad
2026-05-29 12:30:22 [INFO] [SY] Scroll done after 5 scrolls for https://www.squareyards.com/rent/commercial-properties-for-rent-in-hyderabad
2026-05-29 12:30:22 [INFO] [SY] Found 25 cards from https://www.squareyards.com/rent/commercial-properties-for-rent-in-hyderabad
2026-05-29 12:30:26 [DEBUG] [SY] 1/25 Office Space for Rent in Banjara Hills, Hyderabad → 4,925 Sq. Ft | Banjara Hills, Hyderabad
2026-05-29 12:30:30 [DEBUG] [SY] 2/25 Office Space for Rent in Begumpet, Hyderabad → 1,186 Sq. Ft | Begumpet, Hyderabad
2026-05-29 12:30:35 [DEBUG] [SY] 3/25 Office Space for Rent in Hi Tech City, Hyderabad → 3,200 Sq. Ft | Hi Tech City, Hyderabad
2026-05-29 12:30:39 [DEBUG] [SY] 4/25 Office Space for Rent in Kothaguda, Hyderabad → 2,150 Sq. Ft | Kothaguda, Hyderabad
2026-05-29 12:30:44 [DEBUG] [SY] 5/25 Office Space for Rent in Financial District, Hyderabad → 15,400 Sq. Ft | Financial District, Hyderabad
2026-05-29 12:30:49 [DEBUG] [SY] 6/25 Office Space for Rent in Kondapur, Hyderabad → 8,000 Sq. Ft | Kondapur, Hyderabad
2026-05-29 12:30:54 [DEBUG] [SY] 7/25 Showroom for Rent in Sri Nagar Colony, Hyderabad → 4,500 Sq. Ft | Sri Nagar Colony, Hyderabad
2026-05-29 12:30:58 [DEBUG] [SY] 8/25 Office Space for Rent in Somajiguda, Hyderabad → 5,500 Sq. Ft | Somajiguda, Hyderabad
2026-05-29 12:31:03 [DEBUG] [SY] 9/25 Office Space for Rent in Begumpet, Hyderabad → 391 Sq. Ft | Begumpet, Hyderabad
2026-05-29 12:31:08 [DEBUG] [SY] 10/25 Office Space for Rent in Jubilee Hills, Hyderabad → 4,000 Sq. Ft | Jubilee Hills, Hyderabad
2026-05-29 12:31:12 [DEBUG] [SY] 11/25 Office Space for Rent in Banjara Hills, Hyderabad → 37,500 Sq. Ft | Banjara Hills, Hyderabad
2026-05-29 12:31:17 [DEBUG] [SY] 12/25 Office Space for Rent in Gachibowli, Hyderabad → 3,300 Sq. Ft | Gachibowli, Hyderabad
2026-05-29 12:31:22 [DEBUG] [SY] 13/25 Office Space in IT/SEZ for Rent in Nanakramguda, Hyderabad → 5,000 Sq. Ft | Nanakramguda, Hyderabad
2026-05-29 12:31:26 [DEBUG] [SY] 14/25 Warehouse for Rent in Miyapur, Hyderabad →  | Miyapur, Hyderabad
2026-05-29 12:31:31 [DEBUG] [SY] 15/25 Office Space for Rent in Madhapur, Hyderabad → 2,046 Sq. Ft | Madhapur, Hyderabad
2026-05-29 12:31:36 [DEBUG] [SY] 16/25 Office Space for Rent in Madhapur, Hyderabad → 1,000 Sq. Ft | Madhapur, Hyderabad
2026-05-29 12:31:40 [DEBUG] [SY] 17/25 Office Space for Rent in Kokapet, Hyderabad → 3,760 Sq. Ft | Kokapet, Hyderabad
2026-05-29 12:31:45 [DEBUG] [SY] 18/25 Co-working Space for Rent in Kondapur, Hyderabad → 2,200 Sq. Ft | Kondapur, Hyderabad
2026-05-29 12:31:50 [DEBUG] [SY] 19/25 Showroom for Rent in Nanakramguda, Hyderabad → 2,550 Sq. Ft | Nanakramguda, Hyderabad
2026-05-29 12:31:54 [DEBUG] [SY] 20/25 Office Space for Rent in Beeramguda, Hyderabad → 1,250 Sq. Ft | Beeramguda, Hyderabad
2026-05-29 12:31:59 [DEBUG] [SY] 21/25 Office Space for Rent in Gachibowli, Hyderabad → 2,800 Sq. Ft | Gachibowli, Hyderabad
2026-05-29 12:32:04 [DEBUG] [SY] 22/25 Office Space for Rent in Madhapur, Hyderabad → 2,146 Sq. Ft | Madhapur, Hyderabad
2026-05-29 12:32:08 [DEBUG] [SY] 23/25 Warehouse for Rent in Fatehnagar, Hyderabad → 8,000 Sq. Ft | Fatehnagar, Hyderabad
2026-05-29 12:32:13 [DEBUG] [SY] 24/25 Shop for Rent in Kondapur, Hyderabad → 1,500 Sq. Ft | Kondapur, Hyderabad
2026-05-29 12:32:18 [DEBUG] [SY] 25/25 Warehouse for Rent in Attapur, Hyderabad →  | Attapur, Hyderabad
2026-05-29 12:32:19 [INFO] [SY] Loading: https://www.squareyards.com/sale/commercial-properties-for-sale-in-hyderabad
2026-05-29 12:32:42 [INFO] [SY] Scroll done after 3 scrolls for https://www.squareyards.com/sale/commercial-properties-for-sale-in-hyderabad
2026-05-29 12:32:42 [INFO] [SY] Found 0 cards from https://www.squareyards.com/sale/commercial-properties-for-sale-in-hyderabad
2026-05-29 12:32:45 [INFO] [SY] After commercial filter: 75/75 listings kept.
2026-05-29 12:32:45 [INFO] [SY] 42 final listings ready.
2026-05-29 12:32:45 [INFO] [CBRE] Starting CBRE Hyderabad commercial office rentals scrape...
2026-05-29 12:32:46 [INFO] [CBRE] 23 listings successfully parsed.
2026-05-29 12:32:46 [INFO] [C&W] Loading static Cushman & Wakefield listings...
2026-05-29 12:32:46 [INFO] [C&W] 1 listings ready.
2026-05-29 12:32:46 [INFO] Combined: JLL=50, C&W=1, SY=42, CBRE=23, Total=107
2026-05-29 12:32:47 [INFO] Excel saved → output\Combined_Hyderabad_offices_20260529_123246.xlsx
2026-05-29 12:32:47 [INFO] CSV   saved → output\Combined_Hyderabad_offices_20260529_123247.csv
2026-05-29 14:04:24 [INFO] [JLL] Target URL: https://property.jll.co.in/search?tenureTypes=rent&propertyTypes=office&cities=Hyderabad&regions=Telangana&sortBy=dateModified
2026-05-29 14:04:26 [INFO] Loading URL (attempt 1): https://property.jll.co.in/search?tenureTypes=rent&propertyTypes=office&cities=Hyderabad&regions=Telangana&sortBy=dateModified
2026-05-29 14:04:32 [INFO] [JLL] Page loaded. Starting scroll...
2026-05-29 14:04:38 [DEBUG] Scroll 1: height=7737px
2026-05-29 14:04:45 [DEBUG] Scroll 2: height=7737px
2026-05-29 14:04:48 [INFO] [JLL] Reached end of page after 3 scrolls.
2026-05-29 14:04:48 [INFO] [JLL] Parsing HTML...
2026-05-29 14:04:48 [INFO] [JLL] Extracted 50 raw listings.
2026-05-29 14:04:50 [INFO] [JLL] Clean listings: 50
2026-05-29 14:04:50 [INFO] [SY] Starting Square Yards Hyderabad commercial scrape...
2026-05-29 14:04:52 [INFO] [SY] Loading: https://www.squareyards.com/sale/office-spaces-for-sale-in-hyderabad
2026-05-29 14:05:31 [INFO] [SY] Scroll done after 5 scrolls for https://www.squareyards.com/sale/office-spaces-for-sale-in-hyderabad
2026-05-29 14:05:31 [INFO] [SY] Found 25 cards from https://www.squareyards.com/sale/office-spaces-for-sale-in-hyderabad
2026-05-29 14:05:36 [DEBUG] [SY] 1/25 Office Space for Sale in Kondapur, Hyderabad → 9,786 Sq. Ft | Kondapur, Hyderabad
2026-05-29 14:05:41 [DEBUG] [SY] 2/25 Office Space for Sale in Financial District, Hyderabad → 3,013 Sq. Ft | Financial District, Hyderabad
2026-05-29 14:05:46 [DEBUG] [SY] 3/25 Office Space for Sale in Hi Tech City, Hyderabad → 9,786 Sq. Ft | Hi Tech City, Hyderabad
2026-05-29 14:05:51 [DEBUG] [SY] 4/25 Office Space for Sale in Banjara Hills, Hyderabad → 2,635 Sq. Ft | Banjara Hills, Hyderabad
2026-05-29 14:05:56 [DEBUG] [SY] 5/25 Office Space for Sale in Banjara Hills, Hyderabad → 2,635 Sq. Ft | Banjara Hills, Hyderabad
2026-05-29 14:06:01 [DEBUG] [SY] 6/25 Office Space for Sale in Kondapur, Hyderabad → 3,013 Sq. Ft | Kondapur, Hyderabad
2026-05-29 14:06:06 [DEBUG] [SY] 7/25 Office Space for Sale in Nanakramguda, Hyderabad → 3,013 Sq. Ft | Nanakramguda, Hyderabad
2026-05-29 14:06:11 [DEBUG] [SY] 8/25 Office Space for Sale in Rai Durg, Hyderabad → 8,001 Sq. Ft | Rai Durg, Hyderabad
2026-05-29 14:06:16 [DEBUG] [SY] 9/25 Office Space for Sale in Kondapur, Hyderabad → 3,013 Sq. Ft | Kondapur, Hyderabad
2026-05-29 14:06:21 [DEBUG] [SY] 10/25 Office Space for Sale in Abids, Hyderabad → 2,635 Sq. Ft | Abids, Hyderabad
2026-05-29 14:06:26 [DEBUG] [SY] 11/25 Office Space for Sale in Jubilee Hills, Hyderabad → 2,635 Sq. Ft | Jubilee Hills, Hyderabad
2026-05-29 14:06:31 [DEBUG] [SY] 12/25 Office Space for Sale in Nanakramguda, Hyderabad → 3,013 Sq. Ft | Nanakramguda, Hyderabad
2026-05-29 14:06:36 [DEBUG] [SY] 13/25 Office Space for Sale in Madhapur, Hyderabad → 3,013 Sq. Ft | Madhapur, Hyderabad
2026-05-29 14:06:41 [DEBUG] [SY] 14/25 Office Space for Sale in Gachibowli, Hyderabad → 3,013 Sq. Ft | Gachibowli, Hyderabad
2026-05-29 14:06:46 [DEBUG] [SY] 15/25 Office Space for Sale in Bowenpally, Hyderabad → 3,013 Sq. Ft | Bowenpally, Hyderabad
2026-05-29 14:06:51 [DEBUG] [SY] 16/25 Office Space for Sale in Nallagandla, Hyderabad → 1,855 Sq. Ft | Nallagandla, Hyderabad
2026-05-29 14:06:56 [DEBUG] [SY] 17/25 Office Space for Sale in Lakdi Ka Pul, Hyderabad → 2,635 Sq. Ft | Lakdi Ka Pul, Hyderabad
2026-05-29 14:07:01 [DEBUG] [SY] 18/25 Office Space for Sale in Hafeezpet, Hyderabad → 3,013 Sq. Ft | Hafeezpet, Hyderabad
2026-05-29 14:07:06 [DEBUG] [SY] 19/25 Office Space for Sale in Ameerpet, Hyderabad → 2,635 Sq. Ft | Ameerpet, Hyderabad
2026-05-29 14:07:11 [DEBUG] [SY] 20/25 Office Space for Sale in Begumpet, Hyderabad → 3,013 Sq. Ft | Begumpet, Hyderabad
2026-05-29 14:07:16 [DEBUG] [SY] 21/25 Office Space for Sale in Jubilee Hills, Hyderabad → 2,635 Sq. Ft | Jubilee Hills, Hyderabad
2026-05-29 14:07:21 [DEBUG] [SY] 22/25 Office Space for Sale in Neknampur, Hyderabad → 3,013 Sq. Ft | Neknampur, Hyderabad
2026-05-29 14:07:26 [DEBUG] [SY] 23/25 Office Space for Sale in Banjara Hills, Hyderabad → 2,635 Sq. Ft | Banjara Hills, Hyderabad
2026-05-29 14:07:31 [DEBUG] [SY] 24/25 Office Space for Sale in Jubilee Hills, Hyderabad → 2,635 Sq. Ft | Jubilee Hills, Hyderabad
2026-05-29 14:07:36 [DEBUG] [SY] 25/25 Office Space for Sale in Hafeezpet, Hyderabad → 3,013 Sq. Ft | Hafeezpet, Hyderabad
2026-05-29 14:07:37 [INFO] [SY] Loading: https://www.squareyards.com/rent/office-spaces-for-rent-in-hyderabad
2026-05-29 14:08:20 [INFO] [SY] Scroll done after 5 scrolls for https://www.squareyards.com/rent/office-spaces-for-rent-in-hyderabad
2026-05-29 14:08:21 [INFO] [SY] Found 25 cards from https://www.squareyards.com/rent/office-spaces-for-rent-in-hyderabad
2026-05-29 14:08:25 [DEBUG] [SY] 1/25 Office Space for Rent in Banjara Hills, Hyderabad → 4,925 Sq. Ft | Banjara Hills, Hyderabad
2026-05-29 14:08:31 [DEBUG] [SY] 2/25 Office Space for Rent in Begumpet, Hyderabad → 1,186 Sq. Ft | Begumpet, Hyderabad
2026-05-29 14:08:35 [DEBUG] [SY] 3/25 Office Space for Rent in Hi Tech City, Hyderabad → 3,200 Sq. Ft | Hi Tech City, Hyderabad
2026-05-29 14:08:40 [DEBUG] [SY] 4/25 Office Space for Rent in Kothaguda, Hyderabad → 2,150 Sq. Ft | Kothaguda, Hyderabad
2026-05-29 14:08:46 [DEBUG] [SY] 5/25 Office Space for Rent in Madhapur, Hyderabad → 10,500 Sq. Ft | Madhapur, Hyderabad
2026-05-29 14:08:51 [DEBUG] [SY] 6/25 Office Space for Rent in Kondapur, Hyderabad → 8,000 Sq. Ft | Kondapur, Hyderabad
2026-05-29 14:08:56 [DEBUG] [SY] 7/25 Office Space for Rent in Mehdipatnam, Hyderabad → 2,000 Sq. Ft | Mehdipatnam, Hyderabad
2026-05-29 14:09:01 [DEBUG] [SY] 8/25 Office Space for Rent in Somajiguda, Hyderabad → 5,500 Sq. Ft | Somajiguda, Hyderabad
2026-05-29 14:09:06 [DEBUG] [SY] 9/25 Office Space for Rent in Kondapur, Hyderabad → 625 Sq. Ft | Kondapur, Hyderabad
2026-05-29 14:09:11 [DEBUG] [SY] 10/25 Office Space for Rent in Jubilee Hills, Hyderabad → 4,000 Sq. Ft | Jubilee Hills, Hyderabad
2026-05-29 14:09:16 [DEBUG] [SY] 11/25 Office Space for Rent in Banjara Hills, Hyderabad → 37,500 Sq. Ft | Banjara Hills, Hyderabad
2026-05-29 14:09:21 [DEBUG] [SY] 12/25 Office Space for Rent in Gachibowli, Hyderabad → 3,300 Sq. Ft | Gachibowli, Hyderabad
2026-05-29 14:09:26 [DEBUG] [SY] 13/25 Office Space for Rent in Madhapur, Hyderabad → 2,046 Sq. Ft | Madhapur, Hyderabad
2026-05-29 14:09:31 [DEBUG] [SY] 14/25 Office Space for Rent in Madhapur, Hyderabad → 1,000 Sq. Ft | Madhapur, Hyderabad
2026-05-29 14:09:36 [DEBUG] [SY] 15/25 Office Space for Rent in Kokapet, Hyderabad → 3,760 Sq. Ft | Kokapet, Hyderabad
2026-05-29 14:09:41 [DEBUG] [SY] 16/25 Office Space for Rent in Beeramguda, Hyderabad → 1,250 Sq. Ft | Beeramguda, Hyderabad
2026-05-29 14:09:46 [DEBUG] [SY] 17/25 Office Space for Rent in Madhapur, Hyderabad → 2,146 Sq. Ft | Madhapur, Hyderabad
2026-05-29 14:09:51 [DEBUG] [SY] 18/25 Office Space for Rent in Gachibowli, Hyderabad → 2,800 Sq. Ft | Gachibowli, Hyderabad
2026-05-29 14:09:56 [DEBUG] [SY] 19/25 Office Space for Rent in Nanakramguda, Hyderabad → 50,000 Sq. Ft | Nanakramguda, Hyderabad
2026-05-29 14:10:01 [DEBUG] [SY] 20/25 Office Space for Rent in Masjid Banda, Hyderabad → 3,200 Sq. Ft | Masjid Banda, Hyderabad
2026-05-29 14:10:06 [DEBUG] [SY] 21/25 Office Space for Rent in Puppalaguda, Hyderabad → 3,200 Sq. Ft | Puppalaguda, Hyderabad
2026-05-29 14:10:11 [DEBUG] [SY] 22/25 Office Space for Rent in Madhapur, Hyderabad → 3,400 Sq. Ft | Madhapur, Hyderabad
2026-05-29 14:10:16 [DEBUG] [SY] 23/25 Office Space for Rent in Kokapet, Hyderabad → 1,800 Sq. Ft | Kokapet, Hyderabad
2026-05-29 14:10:20 [DEBUG] [SY] 24/25 Office Space for Rent in Khairatabad, Hyderabad → 2,000 Sq. Ft | Khairatabad, Hyderabad
2026-05-29 14:10:26 [DEBUG] [SY] 25/25 Office Space for Rent in Madhapur, Hyderabad → 1,897 Sq. Ft | Madhapur, Hyderabad
2026-05-29 14:10:27 [INFO] [SY] Loading: https://www.squareyards.com/rent/commercial-properties-for-rent-in-hyderabad
2026-05-29 14:11:05 [INFO] [SY] Scroll done after 5 scrolls for https://www.squareyards.com/rent/commercial-properties-for-rent-in-hyderabad
2026-05-29 14:11:06 [INFO] [SY] Found 25 cards from https://www.squareyards.com/rent/commercial-properties-for-rent-in-hyderabad
2026-05-29 14:11:10 [DEBUG] [SY] 1/25 Office Space for Rent in Banjara Hills, Hyderabad → 4,925 Sq. Ft | Banjara Hills, Hyderabad
2026-05-29 14:11:15 [DEBUG] [SY] 2/25 Office Space for Rent in Begumpet, Hyderabad → 1,186 Sq. Ft | Begumpet, Hyderabad
2026-05-29 14:11:19 [DEBUG] [SY] 3/25 Office Space for Rent in Hi Tech City, Hyderabad → 3,200 Sq. Ft | Hi Tech City, Hyderabad
2026-05-29 14:11:24 [DEBUG] [SY] 4/25 Office Space for Rent in Kothaguda, Hyderabad → 2,150 Sq. Ft | Kothaguda, Hyderabad
2026-05-29 14:11:29 [DEBUG] [SY] 5/25 Office Space for Rent in Madhapur, Hyderabad → 10,500 Sq. Ft | Madhapur, Hyderabad
2026-05-29 14:11:34 [DEBUG] [SY] 6/25 Office Space for Rent in Kondapur, Hyderabad → 8,000 Sq. Ft | Kondapur, Hyderabad
2026-05-29 14:11:39 [DEBUG] [SY] 7/25 Office Space for Rent in Mehdipatnam, Hyderabad → 2,000 Sq. Ft | Mehdipatnam, Hyderabad
2026-05-29 14:11:44 [DEBUG] [SY] 8/25 Office Space for Rent in Somajiguda, Hyderabad → 5,500 Sq. Ft | Somajiguda, Hyderabad
2026-05-29 14:11:49 [DEBUG] [SY] 9/25 Office Space for Rent in Begumpet, Hyderabad → 391 Sq. Ft | Begumpet, Hyderabad
2026-05-29 14:11:54 [DEBUG] [SY] 10/25 Office Space for Rent in Jubilee Hills, Hyderabad → 4,000 Sq. Ft | Jubilee Hills, Hyderabad
2026-05-29 14:11:59 [DEBUG] [SY] 11/25 Office Space for Rent in Banjara Hills, Hyderabad → 37,500 Sq. Ft | Banjara Hills, Hyderabad
2026-05-29 14:12:04 [DEBUG] [SY] 12/25 Office Space for Rent in Gachibowli, Hyderabad → 3,300 Sq. Ft | Gachibowli, Hyderabad
2026-05-29 14:12:09 [DEBUG] [SY] 13/25 Office Space in IT/SEZ for Rent in Nanakramguda, Hyderabad → 5,000 Sq. Ft | Nanakramguda, Hyderabad
2026-05-29 14:12:14 [DEBUG] [SY] 14/25 Warehouse for Rent in Miyapur, Hyderabad →  | Miyapur, Hyderabad
2026-05-29 14:12:19 [DEBUG] [SY] 15/25 Office Space for Rent in Madhapur, Hyderabad → 2,046 Sq. Ft | Madhapur, Hyderabad
2026-05-29 14:12:24 [DEBUG] [SY] 16/25 Office Space for Rent in Madhapur, Hyderabad → 1,000 Sq. Ft | Madhapur, Hyderabad
2026-05-29 14:12:29 [DEBUG] [SY] 17/25 Office Space for Rent in Kokapet, Hyderabad → 3,760 Sq. Ft | Kokapet, Hyderabad
2026-05-29 14:12:34 [DEBUG] [SY] 18/25 Co-working Space for Rent in Kondapur, Hyderabad → 2,200 Sq. Ft | Kondapur, Hyderabad
2026-05-29 14:12:39 [DEBUG] [SY] 19/25 Showroom for Rent in Nanakramguda, Hyderabad → 2,550 Sq. Ft | Nanakramguda, Hyderabad
2026-05-29 14:12:44 [DEBUG] [SY] 20/25 Office Space for Rent in Beeramguda, Hyderabad → 1,250 Sq. Ft | Beeramguda, Hyderabad
2026-05-29 14:12:49 [DEBUG] [SY] 21/25 Office Space for Rent in Madhapur, Hyderabad → 2,146 Sq. Ft | Madhapur, Hyderabad
2026-05-29 14:12:54 [DEBUG] [SY] 22/25 Office Space for Rent in Gachibowli, Hyderabad → 2,800 Sq. Ft | Gachibowli, Hyderabad
2026-05-29 14:12:59 [DEBUG] [SY] 23/25 Warehouse for Rent in Fatehnagar, Hyderabad → 8,000 Sq. Ft | Fatehnagar, Hyderabad
2026-05-29 14:13:04 [DEBUG] [SY] 24/25 Shop for Rent in Ameerpet, Hyderabad → 1,000 Sq. Ft | Ameerpet, Hyderabad
2026-05-29 14:13:09 [DEBUG] [SY] 25/25 Office Space for Rent in Nanakramguda, Hyderabad → 50,000 Sq. Ft | Nanakramguda, Hyderabad
2026-05-29 14:13:10 [INFO] [SY] Loading: https://www.squareyards.com/sale/commercial-properties-for-sale-in-hyderabad
2026-05-29 14:13:34 [INFO] [SY] Scroll done after 3 scrolls for https://www.squareyards.com/sale/commercial-properties-for-sale-in-hyderabad
2026-05-29 14:13:34 [INFO] [SY] Found 0 cards from https://www.squareyards.com/sale/commercial-properties-for-sale-in-hyderabad
2026-05-29 14:13:37 [INFO] [SY] After commercial filter: 75/75 listings kept.
2026-05-29 14:13:37 [INFO] [SY] 39 final listings ready.
2026-05-29 14:13:37 [INFO] [CBRE] Starting CBRE Hyderabad commercial office rentals scrape...
2026-05-29 14:13:39 [INFO] [CBRE] 23 listings successfully parsed.
2026-05-29 14:13:39 [INFO] [C&W] Loading static Cushman & Wakefield listings...
2026-05-29 14:13:39 [INFO] [C&W] 1 listings ready.
2026-05-29 14:13:39 [INFO] Combined: JLL=50, C&W=1, SY=39, CBRE=23, Total=43
2026-05-29 14:13:41 [INFO] Excel saved → output\Combined_Hyderabad_offices_20260529_141339.xlsx
2026-05-29 14:13:41 [INFO] CSV   saved → output\Combined_Hyderabad_offices_20260529_141341.csv
2026-06-09 10:11:56 [INFO] [JLL] Target URL: https://property.jll.co.in/search?tenureTypes=rent&propertyTypes=office&cities=Hyderabad&regions=Telangana&sortBy=dateModified
2026-06-09 10:11:58 [INFO] Loading URL (attempt 1): https://property.jll.co.in/search?tenureTypes=rent&propertyTypes=office&cities=Hyderabad&regions=Telangana&sortBy=dateModified
2026-06-09 10:12:07 [INFO] [JLL] Page loaded. Starting scroll...
2026-06-09 10:12:13 [DEBUG] Scroll 1: height=7829px
2026-06-09 10:12:19 [DEBUG] Scroll 2: height=7829px
2026-06-09 10:12:22 [INFO] [JLL] Reached end of page after 3 scrolls.
2026-06-09 10:12:22 [INFO] [JLL] Parsing HTML...
2026-06-09 10:12:22 [INFO] [JLL] Extracted 50 raw listings.
2026-06-09 10:12:25 [INFO] [JLL] Clean listings: 50
2026-06-09 10:12:25 [INFO] [SY] Starting Square Yards Hyderabad commercial scrape...
2026-06-09 10:12:26 [INFO] [SY] Loading: https://www.squareyards.com/sale/office-spaces-for-sale-in-hyderabad
2026-06-09 10:13:04 [INFO] [SY] Scroll done after 4 scrolls for https://www.squareyards.com/sale/office-spaces-for-sale-in-hyderabad
2026-06-09 10:13:04 [INFO] [SY] Found 25 cards from https://www.squareyards.com/sale/office-spaces-for-sale-in-hyderabad
2026-06-09 10:13:10 [DEBUG] [SY] 1/25 Office Space for Sale in Kondapur, Hyderabad → 3,013 Sq. Ft | Kondapur, Hyderabad
2026-06-09 10:13:17 [DEBUG] [SY] 2/25 Office Space for Sale in Kondapur, Hyderabad → 3,013 Sq. Ft | Kondapur, Hyderabad
2026-06-09 10:13:24 [DEBUG] [SY] 3/25 Office Space for Sale in Ameerpet, Hyderabad → 2,635 Sq. Ft | Ameerpet, Hyderabad
2026-06-09 10:13:29 [DEBUG] [SY] 4/25 Office Space for Sale in Financial District, Hyderabad → 3,013 Sq. Ft | Financial District, Hyderabad
2026-06-09 10:13:34 [DEBUG] [SY] 5/25 Office Space for Sale in Nanakramguda, Hyderabad → 3,013 Sq. Ft | Nanakramguda, Hyderabad
2026-06-09 10:13:40 [DEBUG] [SY] 6/25 Office Space for Sale in Banjara Hills, Hyderabad → 2,635 Sq. Ft | Banjara Hills, Hyderabad
2026-06-09 10:13:46 [DEBUG] [SY] 7/25 Office Space for Sale in Financial District, Hyderabad → 3,013 Sq. Ft | Financial District, Hyderabad
2026-06-09 10:13:52 [DEBUG] [SY] 8/25 Office Space for Sale in Rai Durg, Hyderabad → 8,001 Sq. Ft | Rai Durg, Hyderabad
2026-06-09 10:13:56 [DEBUG] [SY] 9/25 Office Space for Sale in Abids, Hyderabad → 2,635 Sq. Ft | Abids, Hyderabad
2026-06-09 10:14:01 [DEBUG] [SY] 10/25 Office Space for Sale in Financial District, Hyderabad → 3,013 Sq. Ft | Financial District, Hyderabad
2026-06-09 10:14:08 [DEBUG] [SY] 11/25 Office Space for Sale in Madhapur, Hyderabad → 3,013 Sq. Ft | Madhapur, Hyderabad
2026-06-09 10:14:14 [DEBUG] [SY] 12/25 Office Space for Sale in Madhapur, Hyderabad → 3,013 Sq. Ft | Madhapur, Hyderabad
2026-06-09 10:14:21 [DEBUG] [SY] 13/25 Office Space for Sale in Gachibowli, Hyderabad → 3,013 Sq. Ft | Gachibowli, Hyderabad
2026-06-09 10:14:27 [DEBUG] [SY] 14/25 Office Space for Sale in Kukatpally, Hyderabad → 3,013 Sq. Ft | Kukatpally, Hyderabad
2026-06-09 10:14:32 [DEBUG] [SY] 15/25 Office Space for Sale in Jubilee Hills, Hyderabad → 2,635 Sq. Ft | Jubilee Hills, Hyderabad
2026-06-09 10:14:38 [DEBUG] [SY] 16/25 Office Space for Sale in Nallagandla, Hyderabad → 1,855 Sq. Ft | Nallagandla, Hyderabad
2026-06-09 10:14:44 [DEBUG] [SY] 17/25 Office Space for Sale in Ameerpet, Hyderabad → 2,635 Sq. Ft | Ameerpet, Hyderabad
2026-06-09 10:14:49 [DEBUG] [SY] 18/25 Office Space for Sale in Lakdi Ka Pul, Hyderabad → 2,635 Sq. Ft | Lakdi Ka Pul, Hyderabad
2026-06-09 10:14:54 [DEBUG] [SY] 19/25 Office Space for Sale in Hafeezpet, Hyderabad → 3,013 Sq. Ft | Hafeezpet, Hyderabad
2026-06-09 10:15:00 [DEBUG] [SY] 20/25 Office Space for Sale in Begumpet, Hyderabad → 3,013 Sq. Ft | Begumpet, Hyderabad
2026-06-09 10:15:07 [DEBUG] [SY] 21/25 Office Space for Sale in Kalasiguda, Hyderabad → 3,013 Sq. Ft | Kalasiguda, Hyderabad
2026-06-09 10:15:12 [DEBUG] [SY] 22/25 Office Space for Sale in Jubilee Hills, Hyderabad → 2,635 Sq. Ft | Jubilee Hills, Hyderabad
2026-06-09 10:15:18 [DEBUG] [SY] 23/25 Office Space for Sale in Banjara Hills, Hyderabad → 2,635 Sq. Ft | Banjara Hills, Hyderabad
2026-06-09 10:15:23 [DEBUG] [SY] 24/25 Office Space for Sale in Jubilee Hills, Hyderabad → 2,635 Sq. Ft | Jubilee Hills, Hyderabad
2026-06-09 10:15:28 [DEBUG] [SY] 25/25 Office Space for Sale in Basheer Bagh, Hyderabad → 2,635 Sq. Ft | Basheer Bagh, Hyderabad
2026-06-09 10:15:29 [INFO] [SY] Loading: https://www.squareyards.com/rent/office-spaces-for-rent-in-hyderabad
2026-06-09 10:16:08 [INFO] [SY] Scroll done after 4 scrolls for https://www.squareyards.com/rent/office-spaces-for-rent-in-hyderabad
2026-06-09 10:16:08 [INFO] [SY] Found 25 cards from https://www.squareyards.com/rent/office-spaces-for-rent-in-hyderabad
2026-06-09 10:16:13 [DEBUG] [SY] 1/25 Office Space for Rent in Kompally, Hyderabad → 538 Sq. Ft | Kompally, Hyderabad
2026-06-09 10:16:19 [DEBUG] [SY] 2/25 Office Space for Rent in Banjara Hills, Hyderabad → 4,925 Sq. Ft | Banjara Hills, Hyderabad
2026-06-09 10:16:26 [DEBUG] [SY] 3/25 Office Space for Rent in Hi Tech City, Hyderabad → 6,890 Sq. Ft | Hi Tech City, Hyderabad
2026-06-09 10:16:32 [DEBUG] [SY] 4/25 Office Space for Rent in Somajiguda, Hyderabad → 3,075 Sq. Ft | Somajiguda, Hyderabad
2026-06-09 10:16:38 [DEBUG] [SY] 5/25 Office Space for Rent in Kothaguda, Hyderabad → 2,150 Sq. Ft | Kothaguda, Hyderabad
2026-06-09 10:16:45 [DEBUG] [SY] 6/25 Office Space for Rent in Kondapur, Hyderabad → 8,000 Sq. Ft | Kondapur, Hyderabad
2026-06-09 10:16:51 [DEBUG] [SY] 7/25 Office Space for Rent in Mehdipatnam, Hyderabad → 2,000 Sq. Ft | Mehdipatnam, Hyderabad
2026-06-09 10:16:58 [DEBUG] [SY] 8/25 Office Space for Rent in Somajiguda, Hyderabad → 5,500 Sq. Ft | Somajiguda, Hyderabad
2026-06-09 10:17:04 [DEBUG] [SY] 9/25 Office Space for Rent in Begumpet, Hyderabad → 391 Sq. Ft | Begumpet, Hyderabad
2026-06-09 10:17:10 [DEBUG] [SY] 10/25 Office Space for Rent in Madhapur, Hyderabad → 3,400 Sq. Ft | Madhapur, Hyderabad
2026-06-09 10:17:16 [DEBUG] [SY] 11/25 Office Space for Rent in Banjara Hills, Hyderabad → 37,500 Sq. Ft | Banjara Hills, Hyderabad
2026-06-09 10:17:22 [DEBUG] [SY] 12/25 Office Space for Rent in Madhapur, Hyderabad → 15,000 Sq. Ft | Madhapur, Hyderabad
2026-06-09 10:17:28 [DEBUG] [SY] 13/25 Office Space for Rent in Somajiguda, Hyderabad → 4,815 Sq. Ft | Somajiguda, Hyderabad
2026-06-09 10:17:34 [DEBUG] [SY] 14/25 Office Space for Rent in Jubilee Hills, Hyderabad → 1,800 Sq. Ft | Jubilee Hills, Hyderabad
2026-06-09 10:17:41 [DEBUG] [SY] 15/25 Office Space for Rent in Madhapur, Hyderabad → 2,033 Sq. Ft | Madhapur, Hyderabad
2026-06-09 10:17:47 [DEBUG] [SY] 16/25 Office Space for Rent in Madhapur, Hyderabad → 28,000 Sq. Ft | Madhapur, Hyderabad
2026-06-09 10:17:54 [DEBUG] [SY] 17/25 Office Space for Rent in Beeramguda, Hyderabad → 1,250 Sq. Ft | Beeramguda, Hyderabad
2026-06-09 10:18:00 [DEBUG] [SY] 18/25 Office Space for Rent in Madhapur, Hyderabad → 2,146 Sq. Ft | Madhapur, Hyderabad
2026-06-09 10:18:07 [DEBUG] [SY] 19/25 Office Space for Rent in Gachibowli, Hyderabad → 2,800 Sq. Ft | Gachibowli, Hyderabad
2026-06-09 10:18:13 [DEBUG] [SY] 20/25 Office Space for Rent in Nanakramguda, Hyderabad → 50,000 Sq. Ft | Nanakramguda, Hyderabad
2026-06-09 10:18:20 [DEBUG] [SY] 21/25 Office Space for Rent in Madhapur, Hyderabad → 1,760 Sq. Ft | Madhapur, Hyderabad
2026-06-09 10:18:25 [DEBUG] [SY] 22/25 Office Space for Rent in Madhapur, Hyderabad → 1,000 Sq. Ft | Madhapur, Hyderabad
2026-06-09 10:18:31 [DEBUG] [SY] 23/25 Office Space for Rent in Masjid Banda, Hyderabad → 3,200 Sq. Ft | Masjid Banda, Hyderabad
2026-06-09 10:18:36 [DEBUG] [SY] 24/25 Office Space for Rent in Kokapet, Hyderabad → 1,800 Sq. Ft | Kokapet, Hyderabad
2026-06-09 10:18:42 [DEBUG] [SY] 25/25 Office Space for Rent in Masab Tank, Hyderabad → 1,400 Sq. Ft | Masab Tank, Hyderabad
2026-06-09 10:18:43 [INFO] [SY] Loading: https://www.squareyards.com/rent/commercial-properties-for-rent-in-hyderabad
2026-06-09 10:19:19 [INFO] [SY] Scroll done after 4 scrolls for https://www.squareyards.com/rent/commercial-properties-for-rent-in-hyderabad
2026-06-09 10:19:20 [INFO] [SY] Found 25 cards from https://www.squareyards.com/rent/commercial-properties-for-rent-in-hyderabad
2026-06-09 10:19:24 [DEBUG] [SY] 1/25 Office Space for Rent in Kompally, Hyderabad → 538 Sq. Ft | Kompally, Hyderabad
2026-06-09 10:19:30 [DEBUG] [SY] 2/25 Office Space for Rent in Banjara Hills, Hyderabad → 4,925 Sq. Ft | Banjara Hills, Hyderabad
2026-06-09 10:19:37 [DEBUG] [SY] 3/25 Office Space for Rent in Financial District, Hyderabad → 15,400 Sq. Ft | Financial District, Hyderabad
2026-06-09 10:19:43 [DEBUG] [SY] 4/25 Office Space for Rent in Somajiguda, Hyderabad → 3,075 Sq. Ft | Somajiguda, Hyderabad
2026-06-09 10:19:49 [DEBUG] [SY] 5/25 Office Space for Rent in Kothaguda, Hyderabad → 2,150 Sq. Ft | Kothaguda, Hyderabad
2026-06-09 10:19:55 [DEBUG] [SY] 6/25 Office Space for Rent in Kondapur, Hyderabad → 8,000 Sq. Ft | Kondapur, Hyderabad
2026-06-09 10:20:01 [DEBUG] [SY] 7/25 Showroom for Rent in Sri Nagar Colony, Hyderabad → 4,500 Sq. Ft | Sri Nagar Colony, Hyderabad
2026-06-09 10:20:07 [DEBUG] [SY] 8/25 Office Space for Rent in Somajiguda, Hyderabad → 5,500 Sq. Ft | Somajiguda, Hyderabad
2026-06-09 10:20:13 [DEBUG] [SY] 9/25 Office Space for Rent in Begumpet, Hyderabad → 391 Sq. Ft | Begumpet, Hyderabad
2026-06-09 10:20:19 [DEBUG] [SY] 10/25 Office Space for Rent in Madhapur, Hyderabad → 3,400 Sq. Ft | Madhapur, Hyderabad
2026-06-09 10:20:25 [DEBUG] [SY] 11/25 Shop for Rent in Jubilee Hills, Hyderabad → 3,500 Sq. Ft | Jubilee Hills, Hyderabad
2026-06-09 10:20:31 [DEBUG] [SY] 12/25 Office Space for Rent in Madhapur, Hyderabad → 15,000 Sq. Ft | Madhapur, Hyderabad
2026-06-09 10:20:37 [DEBUG] [SY] 13/25 Office Space in IT/SEZ for Rent in Madhapur, Hyderabad → 3,200 Sq. Ft | Madhapur, Hyderabad
2026-06-09 10:20:43 [DEBUG] [SY] 14/25 Showroom for Rent in Jubilee Hills, Hyderabad → 3,500 Sq. Ft | Jubilee Hills, Hyderabad
2026-06-09 10:20:48 [DEBUG] [SY] 15/25 Office Space for Rent in Somajiguda, Hyderabad → 4,815 Sq. Ft | Somajiguda, Hyderabad
2026-06-09 10:20:53 [DEBUG] [SY] 16/25 Office Space for Rent in Jubilee Hills, Hyderabad → 1,800 Sq. Ft | Jubilee Hills, Hyderabad
2026-06-09 10:20:57 [DEBUG] [SY] 17/25 Office Space for Rent in Madhapur, Hyderabad → 2,033 Sq. Ft | Madhapur, Hyderabad
2026-06-09 10:21:03 [DEBUG] [SY] 18/25 Office Space in IT/SEZ for Rent in Nanakramguda, Hyderabad → 5,000 Sq. Ft | Nanakramguda, Hyderabad
2026-06-09 10:21:08 [DEBUG] [SY] 19/25 Warehouse for Rent in Balamrai, Hyderabad →  | Balamrai, Hyderabad
2026-06-09 10:21:13 [DEBUG] [SY] 20/25 Showroom for Rent in Nanakramguda, Hyderabad → 2,550 Sq. Ft | Nanakramguda, Hyderabad
2026-06-09 10:21:18 [DEBUG] [SY] 21/25 Office Space for Rent in Beeramguda, Hyderabad → 1,250 Sq. Ft | Beeramguda, Hyderabad
2026-06-09 10:21:23 [DEBUG] [SY] 22/25 Office Space for Rent in Madhapur, Hyderabad → 2,146 Sq. Ft | Madhapur, Hyderabad
2026-06-09 10:21:28 [DEBUG] [SY] 23/25 Office Space for Rent in Gachibowli, Hyderabad → 2,800 Sq. Ft | Gachibowli, Hyderabad
2026-06-09 10:21:34 [DEBUG] [SY] 24/25 Warehouse for Rent in Fatehnagar, Hyderabad → 8,000 Sq. Ft | Fatehnagar, Hyderabad
2026-06-09 10:21:39 [DEBUG] [SY] 25/25 Office Space for Rent in Nanakramguda, Hyderabad → 50,000 Sq. Ft | Nanakramguda, Hyderabad
2026-06-09 10:21:40 [INFO] [SY] Loading: https://www.squareyards.com/sale/commercial-properties-for-sale-in-hyderabad
2026-06-09 10:22:03 [INFO] [SY] Scroll done after 3 scrolls for https://www.squareyards.com/sale/commercial-properties-for-sale-in-hyderabad
2026-06-09 10:22:03 [INFO] [SY] Found 0 cards from https://www.squareyards.com/sale/commercial-properties-for-sale-in-hyderabad
2026-06-09 10:22:06 [INFO] [SY] After commercial filter: 75/75 listings kept.
2026-06-09 10:22:06 [INFO] [SY] 42 final listings ready.
2026-06-09 10:22:06 [INFO] [CBRE] Starting CBRE Hyderabad commercial office rentals scrape...
2026-06-09 10:22:08 [INFO] [CBRE] 23 listings successfully parsed.
2026-06-09 10:22:08 [INFO] [C&W] Loading static Cushman & Wakefield listings...
2026-06-09 10:22:08 [INFO] [C&W] 1 listings ready.
2026-06-09 10:22:08 [INFO] Combined: JLL=50, C&W=1, SY=42, CBRE=23, Total=43
2026-06-09 10:22:09 [INFO] Excel saved → output\Combined_Hyderabad_offices_20260609_102208.xlsx
2026-06-09 10:22:09 [INFO] CSV   saved → output\Combined_Hyderabad_offices_20260609_102209.csv
